date,country,isolation
2020-02-23,RU-SPE,2.5
2020-02-24,RU-SPE,2.6
2020-02-25,RU-SPE,0.4
2020-02-26,RU-SPE,0.4
2020-02-27,RU-SPE,0.4
2020-02-28,RU-SPE,0.5
2020-02-29,RU-SPE,2.0
2020-03-01,RU-SPE,2.6
2020-03-02,RU-SPE,0.5
2020-03-03,RU-SPE,0.4
2020-03-04,RU-SPE,0.4
2020-03-05,RU-SPE,0.4
2020-03-06,RU-SPE,0.4
2020-03-07,RU-SPE,2.0
2020-03-08,RU-SPE,2.4
2020-03-09,RU-SPE,2.4
2020-03-10,RU-SPE,0.4
2020-03-11,RU-SPE,0.4
2020-03-12,RU-SPE,0.5
2020-03-13,RU-SPE,0.5
2020-03-14,RU-SPE,2.1
2020-03-15,RU-SPE,2.6
2020-03-16,RU-SPE,0.7
2020-03-17,RU-SPE,0.6
2020-03-18,RU-SPE,0.8
2020-03-19,RU-SPE,0.9
2020-03-20,RU-SPE,0.9
2020-03-21,RU-SPE,2.4
2020-03-22,RU-SPE,2.8
2020-03-23,RU-SPE,1.0
2020-03-24,RU-SPE,1.1
2020-03-25,RU-SPE,1.0
2020-03-26,RU-SPE,1.1
2020-03-27,RU-SPE,1.1
2020-03-28,RU-SPE,3.0
2020-03-29,RU-SPE,3.6
2020-03-30,RU-SPE,3.0
2020-03-31,RU-SPE,3.2
2020-04-01,RU-SPE,3.4
2020-04-02,RU-SPE,3.5
2020-04-03,RU-SPE,3.4
2020-04-04,RU-SPE,3.8
2020-04-05,RU-SPE,3.9
2020-04-06,RU-SPE,2.9
2020-04-07,RU-SPE,2.8
2020-04-08,RU-SPE,2.8
2020-04-09,RU-SPE,2.8
2020-04-10,RU-SPE,2.7
2020-04-11,RU-SPE,3.5
2020-04-12,RU-SPE,3.8
2020-04-13,RU-SPE,2.7
2020-04-14,RU-SPE,2.7
2020-04-15,RU-SPE,2.7
2020-04-16,RU-SPE,2.7
2020-04-17,RU-SPE,2.7
2020-04-18,RU-SPE,3.5
2020-04-19,RU-SPE,3.8
2020-02-23,RU-BEL,2.6
2020-02-24,RU-BEL,2.7
2020-02-25,RU-BEL,0.4
2020-02-26,RU-BEL,0.4
2020-02-27,RU-BEL,0.4
2020-02-28,RU-BEL,0.4
2020-02-29,RU-BEL,1.8
2020-03-01,RU-BEL,2.3
2020-03-02,RU-BEL,0.4
2020-03-03,RU-BEL,0.3
2020-03-04,RU-BEL,0.2
2020-03-05,RU-BEL,0.2
2020-03-06,RU-BEL,0.2
2020-03-07,RU-BEL,1.7
2020-03-08,RU-BEL,2.1
2020-03-09,RU-BEL,2.3
2020-03-10,RU-BEL,0.2
2020-03-11,RU-BEL,0.3
2020-03-12,RU-BEL,0.3
2020-03-13,RU-BEL,0.3
2020-03-14,RU-BEL,1.8
2020-03-15,RU-BEL,2.7
2020-03-16,RU-BEL,0.4
2020-03-17,RU-BEL,0.3
2020-03-18,RU-BEL,0.3
2020-03-19,RU-BEL,0.4
2020-03-20,RU-BEL,0.3
2020-03-21,RU-BEL,1.9
2020-03-22,RU-BEL,2.9
2020-03-23,RU-BEL,0.7
2020-03-24,RU-BEL,0.7
2020-03-25,RU-BEL,0.7
2020-03-26,RU-BEL,0.6
2020-03-27,RU-BEL,0.6
2020-03-28,RU-BEL,2.5
2020-03-29,RU-BEL,3.3
2020-03-30,RU-BEL,2.4
2020-03-31,RU-BEL,2.8
2020-04-01,RU-BEL,3.0
2020-04-02,RU-BEL,2.9
2020-04-03,RU-BEL,2.7
2020-04-04,RU-BEL,3.3
2020-04-05,RU-BEL,3.7
2020-04-06,RU-BEL,2.3
2020-04-07,RU-BEL,2.3
2020-04-08,RU-BEL,2.3
2020-04-09,RU-BEL,2.1
2020-04-10,RU-BEL,1.9
2020-04-11,RU-BEL,2.8
2020-04-12,RU-BEL,3.3
2020-04-13,RU-BEL,1.7
2020-04-14,RU-BEL,1.7
2020-04-15,RU-BEL,1.8
2020-04-16,RU-BEL,1.9
2020-04-17,RU-BEL,1.8
2020-04-18,RU-BEL,2.9
2020-04-19,RU-BEL,3.6
2020-02-23,RU-IVA,2.7
2020-02-24,RU-IVA,2.6
2020-02-25,RU-IVA,0.5
2020-02-26,RU-IVA,0.4
2020-02-27,RU-IVA,0.4
2020-02-28,RU-IVA,0.4
2020-02-29,RU-IVA,2.1
2020-03-01,RU-IVA,2.6
2020-03-02,RU-IVA,0.5
2020-03-03,RU-IVA,0.4
2020-03-04,RU-IVA,0.4
2020-03-05,RU-IVA,0.4
2020-03-06,RU-IVA,0.4
2020-03-07,RU-IVA,1.9
2020-03-08,RU-IVA,2.6
2020-03-09,RU-IVA,2.5
2020-03-10,RU-IVA,0.6
2020-03-11,RU-IVA,0.5
2020-03-12,RU-IVA,0.4
2020-03-13,RU-IVA,0.5
2020-03-14,RU-IVA,2.0
2020-03-15,RU-IVA,2.9
2020-03-16,RU-IVA,0.5
2020-03-17,RU-IVA,0.4
2020-03-18,RU-IVA,0.8
2020-03-19,RU-IVA,0.9
2020-03-20,RU-IVA,0.9
2020-03-21,RU-IVA,2.4
2020-03-22,RU-IVA,3.0
2020-03-23,RU-IVA,0.9
2020-03-24,RU-IVA,1.0
2020-03-25,RU-IVA,1.0
2020-03-26,RU-IVA,1.0
2020-03-27,RU-IVA,1.0
2020-03-28,RU-IVA,2.8
2020-03-29,RU-IVA,3.5
2020-03-30,RU-IVA,3.0
2020-03-31,RU-IVA,3.3
2020-04-01,RU-IVA,3.2
2020-04-02,RU-IVA,3.6
2020-04-03,RU-IVA,3.4
2020-04-04,RU-IVA,3.8
2020-04-05,RU-IVA,4.0
2020-04-06,RU-IVA,2.9
2020-04-07,RU-IVA,2.8
2020-04-08,RU-IVA,2.7
2020-04-09,RU-IVA,2.6
2020-04-10,RU-IVA,2.7
2020-04-11,RU-IVA,3.5
2020-04-12,RU-IVA,3.8
2020-04-13,RU-IVA,2.6
2020-04-14,RU-IVA,2.6
2020-04-15,RU-IVA,2.6
2020-04-16,RU-IVA,2.6
2020-04-17,RU-IVA,2.6
2020-04-18,RU-IVA,3.6
2020-04-19,RU-IVA,3.8
2020-02-23,RU-KLU,2.8
2020-02-24,RU-KLU,2.9
2020-02-25,RU-KLU,0.7
2020-02-26,RU-KLU,0.8
2020-02-27,RU-KLU,0.8
2020-02-28,RU-KLU,0.7
2020-02-29,RU-KLU,2.3
2020-03-01,RU-KLU,2.9
2020-03-02,RU-KLU,0.8
2020-03-03,RU-KLU,0.7
2020-03-04,RU-KLU,0.6
2020-03-05,RU-KLU,0.6
2020-03-06,RU-KLU,0.7
2020-03-07,RU-KLU,2.0
2020-03-08,RU-KLU,2.6
2020-03-09,RU-KLU,2.7
2020-03-10,RU-KLU,0.7
2020-03-11,RU-KLU,0.7
2020-03-12,RU-KLU,0.7
2020-03-13,RU-KLU,0.8
2020-03-14,RU-KLU,2.2
2020-03-15,RU-KLU,3.1
2020-03-16,RU-KLU,0.7
2020-03-17,RU-KLU,1.0
2020-03-18,RU-KLU,1.1
2020-03-19,RU-KLU,1.2
2020-03-20,RU-KLU,1.2
2020-03-21,RU-KLU,2.6
2020-03-22,RU-KLU,3.1
2020-03-23,RU-KLU,1.3
2020-03-24,RU-KLU,1.2
2020-03-25,RU-KLU,1.1
2020-03-26,RU-KLU,1.1
2020-03-27,RU-KLU,1.2
2020-03-28,RU-KLU,2.7
2020-03-29,RU-KLU,3.3
2020-03-30,RU-KLU,3.0
2020-03-31,RU-KLU,3.4
2020-04-01,RU-KLU,3.5
2020-04-02,RU-KLU,3.5
2020-04-03,RU-KLU,3.4
2020-04-04,RU-KLU,3.8
2020-04-05,RU-KLU,4.0
2020-04-06,RU-KLU,3.0
2020-04-07,RU-KLU,2.9
2020-04-08,RU-KLU,2.9
2020-04-09,RU-KLU,2.7
2020-04-10,RU-KLU,2.7
2020-04-11,RU-KLU,3.4
2020-04-12,RU-KLU,3.7
2020-04-13,RU-KLU,2.5
2020-04-14,RU-KLU,2.7
2020-04-15,RU-KLU,2.6
2020-04-16,RU-KLU,2.8
2020-04-17,RU-KLU,2.7
2020-04-18,RU-KLU,3.5
2020-04-19,RU-KLU,3.9
2020-02-23,RU-KOS,2.9
2020-02-24,RU-KOS,2.9
2020-02-25,RU-KOS,0.9
2020-02-26,RU-KOS,0.9
2020-02-27,RU-KOS,0.9
2020-02-28,RU-KOS,0.8
2020-02-29,RU-KOS,2.4
2020-03-01,RU-KOS,2.7
2020-03-02,RU-KOS,1.0
2020-03-03,RU-KOS,0.8
2020-03-04,RU-KOS,0.8
2020-03-05,RU-KOS,0.8
2020-03-06,RU-KOS,0.8
2020-03-07,RU-KOS,2.2
2020-03-08,RU-KOS,2.8
2020-03-09,RU-KOS,2.8
2020-03-10,RU-KOS,1.0
2020-03-11,RU-KOS,0.8
2020-03-12,RU-KOS,0.8
2020-03-13,RU-KOS,0.9
2020-03-14,RU-KOS,2.3
2020-03-15,RU-KOS,3.0
2020-03-16,RU-KOS,0.8
2020-03-17,RU-KOS,0.8
2020-03-18,RU-KOS,0.8
2020-03-19,RU-KOS,0.9
2020-03-20,RU-KOS,0.9
2020-03-21,RU-KOS,2.5
2020-03-22,RU-KOS,3.0
2020-03-23,RU-KOS,1.1
2020-03-24,RU-KOS,1.1
2020-03-25,RU-KOS,1.1
2020-03-26,RU-KOS,1.1
2020-03-27,RU-KOS,1.1
2020-03-28,RU-KOS,2.9
2020-03-29,RU-KOS,3.6
2020-03-30,RU-KOS,3.1
2020-03-31,RU-KOS,3.3
2020-04-01,RU-KOS,3.6
2020-04-02,RU-KOS,3.6
2020-04-03,RU-KOS,3.5
2020-04-04,RU-KOS,3.9
2020-04-05,RU-KOS,4.1
2020-04-06,RU-KOS,3.1
2020-04-07,RU-KOS,3.0
2020-04-08,RU-KOS,2.9
2020-04-09,RU-KOS,2.8
2020-04-10,RU-KOS,2.9
2020-04-11,RU-KOS,3.5
2020-04-12,RU-KOS,3.8
2020-04-13,RU-KOS,2.7
2020-04-14,RU-KOS,2.7
2020-04-15,RU-KOS,2.8
2020-04-16,RU-KOS,2.8
2020-04-17,RU-KOS,2.8
2020-04-18,RU-KOS,3.6
2020-04-19,RU-KOS,3.8
2020-02-23,RU-KRS,2.7
2020-02-24,RU-KRS,2.8
2020-02-25,RU-KRS,0.8
2020-02-26,RU-KRS,0.8
2020-02-27,RU-KRS,0.8
2020-02-28,RU-KRS,0.8
2020-02-29,RU-KRS,2.1
2020-03-01,RU-KRS,2.6
2020-03-02,RU-KRS,0.8
2020-03-03,RU-KRS,0.7
2020-03-04,RU-KRS,0.7
2020-03-05,RU-KRS,0.6
2020-03-06,RU-KRS,0.6
2020-03-07,RU-KRS,1.9
2020-03-08,RU-KRS,2.5
2020-03-09,RU-KRS,2.7
2020-03-10,RU-KRS,0.6
2020-03-11,RU-KRS,0.6
2020-03-12,RU-KRS,0.7
2020-03-13,RU-KRS,0.7
2020-03-14,RU-KRS,2.1
2020-03-15,RU-KRS,3.0
2020-03-16,RU-KRS,0.9
2020-03-17,RU-KRS,0.7
2020-03-18,RU-KRS,0.7
2020-03-19,RU-KRS,1.1
2020-03-20,RU-KRS,1.1
2020-03-21,RU-KRS,2.4
2020-03-22,RU-KRS,3.0
2020-03-23,RU-KRS,1.3
2020-03-24,RU-KRS,1.3
2020-03-25,RU-KRS,1.2
2020-03-26,RU-KRS,1.2
2020-03-27,RU-KRS,1.2
2020-03-28,RU-KRS,2.8
2020-03-29,RU-KRS,3.4
2020-03-30,RU-KRS,2.8
2020-03-31,RU-KRS,3.2
2020-04-01,RU-KRS,3.4
2020-04-02,RU-KRS,3.4
2020-04-03,RU-KRS,3.2
2020-04-04,RU-KRS,3.7
2020-04-05,RU-KRS,3.9
2020-04-06,RU-KRS,3.0
2020-04-07,RU-KRS,2.9
2020-04-08,RU-KRS,2.8
2020-04-09,RU-KRS,2.7
2020-04-10,RU-KRS,2.8
2020-04-11,RU-KRS,3.3
2020-04-12,RU-KRS,3.7
2020-04-13,RU-KRS,2.5
2020-04-14,RU-KRS,2.6
2020-04-15,RU-KRS,2.7
2020-04-16,RU-KRS,2.8
2020-04-17,RU-KRS,2.7
2020-04-18,RU-KRS,3.5
2020-04-19,RU-KRS,3.9
2020-02-23,RU-LIP,2.9
2020-02-24,RU-LIP,3.0
2020-02-25,RU-LIP,1.0
2020-02-26,RU-LIP,0.9
2020-02-27,RU-LIP,0.9
2020-02-28,RU-LIP,1.0
2020-02-29,RU-LIP,2.3
2020-03-01,RU-LIP,2.6
2020-03-02,RU-LIP,1.0
2020-03-03,RU-LIP,0.8
2020-03-04,RU-LIP,0.7
2020-03-05,RU-LIP,0.7
2020-03-06,RU-LIP,0.8
2020-03-07,RU-LIP,2.1
2020-03-08,RU-LIP,2.5
2020-03-09,RU-LIP,2.8
2020-03-10,RU-LIP,0.7
2020-03-11,RU-LIP,1.1
2020-03-12,RU-LIP,1.2
2020-03-13,RU-LIP,1.2
2020-03-14,RU-LIP,2.5
2020-03-15,RU-LIP,3.2
2020-03-16,RU-LIP,1.3
2020-03-17,RU-LIP,1.2
2020-03-18,RU-LIP,1.2
2020-03-19,RU-LIP,1.2
2020-03-20,RU-LIP,1.2
2020-03-21,RU-LIP,2.5
2020-03-22,RU-LIP,3.1
2020-03-23,RU-LIP,1.4
2020-03-24,RU-LIP,1.3
2020-03-25,RU-LIP,1.3
2020-03-26,RU-LIP,1.2
2020-03-27,RU-LIP,1.2
2020-03-28,RU-LIP,2.9
2020-03-29,RU-LIP,3.4
2020-03-30,RU-LIP,2.8
2020-03-31,RU-LIP,3.3
2020-04-01,RU-LIP,3.5
2020-04-02,RU-LIP,3.5
2020-04-03,RU-LIP,3.4
2020-04-04,RU-LIP,3.8
2020-04-05,RU-LIP,4.0
2020-04-06,RU-LIP,3.0
2020-04-07,RU-LIP,3.0
2020-04-08,RU-LIP,2.9
2020-04-09,RU-LIP,2.7
2020-04-10,RU-LIP,2.7
2020-04-11,RU-LIP,3.4
2020-04-12,RU-LIP,3.8
2020-04-13,RU-LIP,2.6
2020-04-14,RU-LIP,2.6
2020-04-15,RU-LIP,2.6
2020-04-16,RU-LIP,2.6
2020-04-17,RU-LIP,3.0
2020-04-18,RU-LIP,3.7
2020-04-19,RU-LIP,4.0
2020-02-23,RU-ORL,2.9
2020-02-24,RU-ORL,2.9
2020-02-25,RU-ORL,0.8
2020-02-26,RU-ORL,0.9
2020-02-27,RU-ORL,0.8
2020-02-28,RU-ORL,0.8
2020-02-29,RU-ORL,2.1
2020-03-01,RU-ORL,2.7
2020-03-02,RU-ORL,0.9
2020-03-03,RU-ORL,0.8
2020-03-04,RU-ORL,0.7
2020-03-05,RU-ORL,0.6
2020-03-06,RU-ORL,0.7
2020-03-07,RU-ORL,1.9
2020-03-08,RU-ORL,2.6
2020-03-09,RU-ORL,2.8
2020-03-10,RU-ORL,0.7
2020-03-11,RU-ORL,0.7
2020-03-12,RU-ORL,0.7
2020-03-13,RU-ORL,0.7
2020-03-14,RU-ORL,2.2
2020-03-15,RU-ORL,3.0
2020-03-16,RU-ORL,0.9
2020-03-17,RU-ORL,0.8
2020-03-18,RU-ORL,0.9
2020-03-19,RU-ORL,0.9
2020-03-20,RU-ORL,0.9
2020-03-21,RU-ORL,2.4
2020-03-22,RU-ORL,3.0
2020-03-23,RU-ORL,1.3
2020-03-24,RU-ORL,1.2
2020-03-25,RU-ORL,1.2
2020-03-26,RU-ORL,1.2
2020-03-27,RU-ORL,1.2
2020-03-28,RU-ORL,2.9
2020-03-29,RU-ORL,3.6
2020-03-30,RU-ORL,2.9
2020-03-31,RU-ORL,3.3
2020-04-01,RU-ORL,3.3
2020-04-02,RU-ORL,3.3
2020-04-03,RU-ORL,3.1
2020-04-04,RU-ORL,3.6
2020-04-05,RU-ORL,3.9
2020-04-06,RU-ORL,2.7
2020-04-07,RU-ORL,2.6
2020-04-08,RU-ORL,2.6
2020-04-09,RU-ORL,2.5
2020-04-10,RU-ORL,2.6
2020-04-11,RU-ORL,3.3
2020-04-12,RU-ORL,3.7
2020-04-13,RU-ORL,2.4
2020-04-14,RU-ORL,2.6
2020-04-15,RU-ORL,2.6
2020-04-16,RU-ORL,2.7
2020-04-17,RU-ORL,2.6
2020-04-18,RU-ORL,3.4
2020-04-19,RU-ORL,3.8
2020-02-23,RU-RYA,2.8
2020-02-24,RU-RYA,2.7
2020-02-25,RU-RYA,0.7
2020-02-26,RU-RYA,0.7
2020-02-27,RU-RYA,0.8
2020-02-28,RU-RYA,0.7
2020-02-29,RU-RYA,2.2
2020-03-01,RU-RYA,2.8
2020-03-02,RU-RYA,0.8
2020-03-03,RU-RYA,0.7
2020-03-04,RU-RYA,0.7
2020-03-05,RU-RYA,0.6
2020-03-06,RU-RYA,0.7
2020-03-07,RU-RYA,2.0
2020-03-08,RU-RYA,2.6
2020-03-09,RU-RYA,2.6
2020-03-10,RU-RYA,0.6
2020-03-11,RU-RYA,0.5
2020-03-12,RU-RYA,0.6
2020-03-13,RU-RYA,0.7
2020-03-14,RU-RYA,2.1
2020-03-15,RU-RYA,3.0
2020-03-16,RU-RYA,0.7
2020-03-17,RU-RYA,1.0
2020-03-18,RU-RYA,1.0
2020-03-19,RU-RYA,1.1
2020-03-20,RU-RYA,1.1
2020-03-21,RU-RYA,2.4
2020-03-22,RU-RYA,2.9
2020-03-23,RU-RYA,1.2
2020-03-24,RU-RYA,1.2
2020-03-25,RU-RYA,1.1
2020-03-26,RU-RYA,1.0
2020-03-27,RU-RYA,1.0
2020-03-28,RU-RYA,2.7
2020-03-29,RU-RYA,3.3
2020-03-30,RU-RYA,2.7
2020-03-31,RU-RYA,3.2
2020-04-01,RU-RYA,3.3
2020-04-02,RU-RYA,3.3
2020-04-03,RU-RYA,3.1
2020-04-04,RU-RYA,3.6
2020-04-05,RU-RYA,3.9
2020-04-06,RU-RYA,2.8
2020-04-07,RU-RYA,2.7
2020-04-08,RU-RYA,2.6
2020-04-09,RU-RYA,2.5
2020-04-10,RU-RYA,2.5
2020-04-11,RU-RYA,3.3
2020-04-12,RU-RYA,3.7
2020-04-13,RU-RYA,2.4
2020-04-14,RU-RYA,2.4
2020-04-15,RU-RYA,2.5
2020-04-16,RU-RYA,2.5
2020-04-17,RU-RYA,2.4
2020-04-18,RU-RYA,3.4
2020-04-19,RU-RYA,3.8
2020-02-23,RU-SMO,2.7
2020-02-24,RU-SMO,2.7
2020-02-25,RU-SMO,0.6
2020-02-26,RU-SMO,0.7
2020-02-27,RU-SMO,0.7
2020-02-28,RU-SMO,0.6
2020-02-29,RU-SMO,2.2
2020-03-01,RU-SMO,2.9
2020-03-02,RU-SMO,0.7
2020-03-03,RU-SMO,0.6
2020-03-04,RU-SMO,0.5
2020-03-05,RU-SMO,0.5
2020-03-06,RU-SMO,0.7
2020-03-07,RU-SMO,2.0
2020-03-08,RU-SMO,2.6
2020-03-09,RU-SMO,2.6
2020-03-10,RU-SMO,0.6
2020-03-11,RU-SMO,0.6
2020-03-12,RU-SMO,0.6
2020-03-13,RU-SMO,0.7
2020-03-14,RU-SMO,2.2
2020-03-15,RU-SMO,2.9
2020-03-16,RU-SMO,0.7
2020-03-17,RU-SMO,0.7
2020-03-18,RU-SMO,0.7
2020-03-19,RU-SMO,1.0
2020-03-20,RU-SMO,1.0
2020-03-21,RU-SMO,2.4
2020-03-22,RU-SMO,3.0
2020-03-23,RU-SMO,1.2
2020-03-24,RU-SMO,1.1
2020-03-25,RU-SMO,1.0
2020-03-26,RU-SMO,1.0
2020-03-27,RU-SMO,1.0
2020-03-28,RU-SMO,2.4
2020-03-29,RU-SMO,3.1
2020-03-30,RU-SMO,2.6
2020-03-31,RU-SMO,2.8
2020-04-01,RU-SMO,3.1
2020-04-02,RU-SMO,3.2
2020-04-03,RU-SMO,3.1
2020-04-04,RU-SMO,3.7
2020-04-05,RU-SMO,3.8
2020-04-06,RU-SMO,2.6
2020-04-07,RU-SMO,2.5
2020-04-08,RU-SMO,2.5
2020-04-09,RU-SMO,2.4
2020-04-10,RU-SMO,2.4
2020-04-11,RU-SMO,3.3
2020-04-12,RU-SMO,3.5
2020-04-13,RU-SMO,2.2
2020-04-14,RU-SMO,2.3
2020-04-15,RU-SMO,2.4
2020-04-16,RU-SMO,2.5
2020-04-17,RU-SMO,2.4
2020-04-18,RU-SMO,3.3
2020-04-19,RU-SMO,3.7
2020-02-23,RU-TAM,2.7
2020-02-24,RU-TAM,2.9
2020-02-25,RU-TAM,0.8
2020-02-26,RU-TAM,0.7
2020-02-27,RU-TAM,0.7
2020-02-28,RU-TAM,0.9
2020-02-29,RU-TAM,2.1
2020-03-01,RU-TAM,2.6
2020-03-02,RU-TAM,0.8
2020-03-03,RU-TAM,0.7
2020-03-04,RU-TAM,0.6
2020-03-05,RU-TAM,0.6
2020-03-06,RU-TAM,0.7
2020-03-07,RU-TAM,2.1
2020-03-08,RU-TAM,2.4
2020-03-09,RU-TAM,2.7
2020-03-10,RU-TAM,0.5
2020-03-11,RU-TAM,0.5
2020-03-12,RU-TAM,0.7
2020-03-13,RU-TAM,0.7
2020-03-14,RU-TAM,2.1
2020-03-15,RU-TAM,3.0
2020-03-16,RU-TAM,0.9
2020-03-17,RU-TAM,1.0
2020-03-18,RU-TAM,1.0
2020-03-19,RU-TAM,1.2
2020-03-20,RU-TAM,1.2
2020-03-21,RU-TAM,2.5
2020-03-22,RU-TAM,3.1
2020-03-23,RU-TAM,1.4
2020-03-24,RU-TAM,1.2
2020-03-25,RU-TAM,1.1
2020-03-26,RU-TAM,1.1
2020-03-27,RU-TAM,1.1
2020-03-28,RU-TAM,2.8
2020-03-29,RU-TAM,3.3
2020-03-30,RU-TAM,2.7
2020-03-31,RU-TAM,2.9
2020-04-01,RU-TAM,3.3
2020-04-02,RU-TAM,3.3
2020-04-03,RU-TAM,3.2
2020-04-04,RU-TAM,3.6
2020-04-05,RU-TAM,3.8
2020-04-06,RU-TAM,2.8
2020-04-07,RU-TAM,2.6
2020-04-08,RU-TAM,2.6
2020-04-09,RU-TAM,2.4
2020-04-10,RU-TAM,2.4
2020-04-11,RU-TAM,3.2
2020-04-12,RU-TAM,3.6
2020-04-13,RU-TAM,2.3
2020-04-14,RU-TAM,2.2
2020-04-15,RU-TAM,2.4
2020-04-16,RU-TAM,2.4
2020-04-17,RU-TAM,2.4
2020-04-18,RU-TAM,3.2
2020-04-19,RU-TAM,3.7
2020-02-23,RU-TVE,2.7
2020-02-24,RU-TVE,2.7
2020-02-25,RU-TVE,0.7
2020-02-26,RU-TVE,0.7
2020-02-27,RU-TVE,0.7
2020-02-28,RU-TVE,0.7
2020-02-29,RU-TVE,2.3
2020-03-01,RU-TVE,2.8
2020-03-02,RU-TVE,0.8
2020-03-03,RU-TVE,0.7
2020-03-04,RU-TVE,0.6
2020-03-05,RU-TVE,0.6
2020-03-06,RU-TVE,0.7
2020-03-07,RU-TVE,2.2
2020-03-08,RU-TVE,2.6
2020-03-09,RU-TVE,2.7
2020-03-10,RU-TVE,0.7
2020-03-11,RU-TVE,0.6
2020-03-12,RU-TVE,0.6
2020-03-13,RU-TVE,0.8
2020-03-14,RU-TVE,2.3
2020-03-15,RU-TVE,3.0
2020-03-16,RU-TVE,0.8
2020-03-17,RU-TVE,0.8
2020-03-18,RU-TVE,0.8
2020-03-19,RU-TVE,0.9
2020-03-20,RU-TVE,1.0
2020-03-21,RU-TVE,2.4
2020-03-22,RU-TVE,3.0
2020-03-23,RU-TVE,1.1
2020-03-24,RU-TVE,1.1
2020-03-25,RU-TVE,1.0
2020-03-26,RU-TVE,1.0
2020-03-27,RU-TVE,1.1
2020-03-28,RU-TVE,2.6
2020-03-29,RU-TVE,3.4
2020-03-30,RU-TVE,2.9
2020-03-31,RU-TVE,3.0
2020-04-01,RU-TVE,3.2
2020-04-02,RU-TVE,3.2
2020-04-03,RU-TVE,3.1
2020-04-04,RU-TVE,3.5
2020-04-05,RU-TVE,3.8
2020-04-06,RU-TVE,2.7
2020-04-07,RU-TVE,2.6
2020-04-08,RU-TVE,2.6
2020-04-09,RU-TVE,2.4
2020-04-10,RU-TVE,2.3
2020-04-11,RU-TVE,3.2
2020-04-12,RU-TVE,3.5
2020-04-13,RU-TVE,2.2
2020-04-14,RU-TVE,2.3
2020-04-15,RU-TVE,2.3
2020-04-16,RU-TVE,2.4
2020-04-17,RU-TVE,2.3
2020-04-18,RU-TVE,3.3
2020-04-19,RU-TVE,3.7
2020-02-23,RU-TUL,2.7
2020-02-24,RU-TUL,2.7
2020-02-25,RU-TUL,0.5
2020-02-26,RU-TUL,0.5
2020-02-27,RU-TUL,0.5
2020-02-28,RU-TUL,0.5
2020-02-29,RU-TUL,2.0
2020-03-01,RU-TUL,2.6
2020-03-02,RU-TUL,0.6
2020-03-03,RU-TUL,0.5
2020-03-04,RU-TUL,0.4
2020-03-05,RU-TUL,0.4
2020-03-06,RU-TUL,0.5
2020-03-07,RU-TUL,1.8
2020-03-08,RU-TUL,2.5
2020-03-09,RU-TUL,2.6
2020-03-10,RU-TUL,0.5
2020-03-11,RU-TUL,0.4
2020-03-12,RU-TUL,0.4
2020-03-13,RU-TUL,0.5
2020-03-14,RU-TUL,1.8
2020-03-15,RU-TUL,2.8
2020-03-16,RU-TUL,0.6
2020-03-17,RU-TUL,0.9
2020-03-18,RU-TUL,0.9
2020-03-19,RU-TUL,1.0
2020-03-20,RU-TUL,1.0
2020-03-21,RU-TUL,2.4
2020-03-22,RU-TUL,2.9
2020-03-23,RU-TUL,1.2
2020-03-24,RU-TUL,1.2
2020-03-25,RU-TUL,1.1
2020-03-26,RU-TUL,1.1
2020-03-27,RU-TUL,1.1
2020-03-28,RU-TUL,2.8
2020-03-29,RU-TUL,3.3
2020-03-30,RU-TUL,2.9
2020-03-31,RU-TUL,3.3
2020-04-01,RU-TUL,3.3
2020-04-02,RU-TUL,3.2
2020-04-03,RU-TUL,3.0
2020-04-04,RU-TUL,3.3
2020-04-05,RU-TUL,3.7
2020-04-06,RU-TUL,2.6
2020-04-07,RU-TUL,2.6
2020-04-08,RU-TUL,2.5
2020-04-09,RU-TUL,2.3
2020-04-10,RU-TUL,2.3
2020-04-11,RU-TUL,3.0
2020-04-12,RU-TUL,3.4
2020-04-13,RU-TUL,2.2
2020-04-14,RU-TUL,2.3
2020-04-15,RU-TUL,2.2
2020-04-16,RU-TUL,2.4
2020-04-17,RU-TUL,2.4
2020-04-18,RU-TUL,3.2
2020-04-19,RU-TUL,3.7
2020-02-23,RU-YAR,2.8
2020-02-24,RU-YAR,2.8
2020-02-25,RU-YAR,0.7
2020-02-26,RU-YAR,0.7
2020-02-27,RU-YAR,0.7
2020-02-28,RU-YAR,0.7
2020-02-29,RU-YAR,2.3
2020-03-01,RU-YAR,2.8
2020-03-02,RU-YAR,0.8
2020-03-03,RU-YAR,0.7
2020-03-04,RU-YAR,0.6
2020-03-05,RU-YAR,0.6
2020-03-06,RU-YAR,0.7
2020-03-07,RU-YAR,2.2
2020-03-08,RU-YAR,2.6
2020-03-09,RU-YAR,2.8
2020-03-10,RU-YAR,0.7
2020-03-11,RU-YAR,0.7
2020-03-12,RU-YAR,0.6
2020-03-13,RU-YAR,0.7
2020-03-14,RU-YAR,2.2
2020-03-15,RU-YAR,2.8
2020-03-16,RU-YAR,0.7
2020-03-17,RU-YAR,0.7
2020-03-18,RU-YAR,0.9
2020-03-19,RU-YAR,1.0
2020-03-20,RU-YAR,1.0
2020-03-21,RU-YAR,2.5
2020-03-22,RU-YAR,3.1
2020-03-23,RU-YAR,1.2
2020-03-24,RU-YAR,1.1
2020-03-25,RU-YAR,1.1
2020-03-26,RU-YAR,1.1
2020-03-27,RU-YAR,1.1
2020-03-28,RU-YAR,2.7
2020-03-29,RU-YAR,3.4
2020-03-30,RU-YAR,3.0
2020-03-31,RU-YAR,3.2
2020-04-01,RU-YAR,3.3
2020-04-02,RU-YAR,3.3
2020-04-03,RU-YAR,3.2
2020-04-04,RU-YAR,3.6
2020-04-05,RU-YAR,4.0
2020-04-06,RU-YAR,2.8
2020-04-07,RU-YAR,2.7
2020-04-08,RU-YAR,2.6
2020-04-09,RU-YAR,2.5
2020-04-10,RU-YAR,2.6
2020-04-11,RU-YAR,3.4
2020-04-12,RU-YAR,3.6
2020-04-13,RU-YAR,2.5
2020-04-14,RU-YAR,2.5
2020-04-15,RU-YAR,2.5
2020-04-16,RU-YAR,2.5
2020-04-17,RU-YAR,2.5
2020-04-18,RU-YAR,3.4
2020-04-19,RU-YAR,3.6
2020-02-23,RU-KR,3.0
2020-02-24,RU-KR,2.9
2020-02-25,RU-KR,1.1
2020-02-26,RU-KR,1.1
2020-02-27,RU-KR,1.1
2020-02-28,RU-KR,1.1
2020-02-29,RU-KR,2.6
2020-03-01,RU-KR,3.0
2020-03-02,RU-KR,1.2
2020-03-03,RU-KR,1.1
2020-03-04,RU-KR,1.1
2020-03-05,RU-KR,1.1
2020-03-06,RU-KR,1.1
2020-03-07,RU-KR,2.5
2020-03-08,RU-KR,2.8
2020-03-09,RU-KR,3.0
2020-03-10,RU-KR,1.1
2020-03-11,RU-KR,1.1
2020-03-12,RU-KR,1.2
2020-03-13,RU-KR,1.1
2020-03-14,RU-KR,2.7
2020-03-15,RU-KR,3.1
2020-03-16,RU-KR,1.3
2020-03-17,RU-KR,1.3
2020-03-18,RU-KR,1.6
2020-03-19,RU-KR,1.6
2020-03-20,RU-KR,1.6
2020-03-21,RU-KR,2.9
2020-03-22,RU-KR,3.2
2020-03-23,RU-KR,1.6
2020-03-24,RU-KR,1.6
2020-03-25,RU-KR,1.6
2020-03-26,RU-KR,1.6
2020-03-27,RU-KR,1.6
2020-03-28,RU-KR,3.3
2020-03-29,RU-KR,3.9
2020-03-30,RU-KR,3.1
2020-03-31,RU-KR,3.2
2020-04-01,RU-KR,3.7
2020-04-02,RU-KR,3.7
2020-04-03,RU-KR,3.7
2020-04-04,RU-KR,4.2
2020-04-05,RU-KR,4.3
2020-04-06,RU-KR,3.3
2020-04-07,RU-KR,3.2
2020-04-08,RU-KR,3.1
2020-04-09,RU-KR,3.2
2020-04-10,RU-KR,3.1
2020-04-11,RU-KR,3.7
2020-04-12,RU-KR,4.0
2020-04-13,RU-KR,3.0
2020-04-14,RU-KR,3.0
2020-04-15,RU-KR,2.9
2020-04-16,RU-KR,3.0
2020-04-17,RU-KR,3.0
2020-04-18,RU-KR,3.8
2020-04-19,RU-KR,4.0
2020-02-23,RU-KO,2.9
2020-02-24,RU-KO,3.0
2020-02-25,RU-KO,0.9
2020-02-26,RU-KO,0.9
2020-02-27,RU-KO,1.0
2020-02-28,RU-KO,0.9
2020-02-29,RU-KO,2.3
2020-03-01,RU-KO,3.0
2020-03-02,RU-KO,1.0
2020-03-03,RU-KO,0.9
2020-03-04,RU-KO,0.8
2020-03-05,RU-KO,0.8
2020-03-06,RU-KO,0.9
2020-03-07,RU-KO,2.3
2020-03-08,RU-KO,2.8
2020-03-09,RU-KO,3.0
2020-03-10,RU-KO,0.9
2020-03-11,RU-KO,0.9
2020-03-12,RU-KO,1.0
2020-03-13,RU-KO,1.0
2020-03-14,RU-KO,2.3
2020-03-15,RU-KO,3.0
2020-03-16,RU-KO,1.4
2020-03-17,RU-KO,1.5
2020-03-18,RU-KO,1.5
2020-03-19,RU-KO,1.5
2020-03-20,RU-KO,1.5
2020-03-21,RU-KO,2.7
2020-03-22,RU-KO,3.2
2020-03-23,RU-KO,1.5
2020-03-24,RU-KO,1.4
2020-03-25,RU-KO,1.5
2020-03-26,RU-KO,1.7
2020-03-27,RU-KO,1.7
2020-03-28,RU-KO,3.3
2020-03-29,RU-KO,3.8
2020-03-30,RU-KO,3.0
2020-03-31,RU-KO,3.3
2020-04-01,RU-KO,3.7
2020-04-02,RU-KO,3.8
2020-04-03,RU-KO,3.7
2020-04-04,RU-KO,4.1
2020-04-05,RU-KO,4.2
2020-04-06,RU-KO,3.4
2020-04-07,RU-KO,3.4
2020-04-08,RU-KO,3.4
2020-04-09,RU-KO,3.3
2020-04-10,RU-KO,3.2
2020-04-11,RU-KO,3.8
2020-04-12,RU-KO,4.1
2020-04-13,RU-KO,3.1
2020-04-14,RU-KO,3.1
2020-04-15,RU-KO,3.0
2020-04-16,RU-KO,3.2
2020-04-17,RU-KO,3.0
2020-04-18,RU-KO,3.7
2020-04-19,RU-KO,3.9
2020-02-23,RU-ARK,2.9
2020-02-24,RU-ARK,3.0
2020-02-25,RU-ARK,1.0
2020-02-26,RU-ARK,1.0
2020-02-27,RU-ARK,1.0
2020-02-28,RU-ARK,1.0
2020-02-29,RU-ARK,2.4
2020-03-01,RU-ARK,2.9
2020-03-02,RU-ARK,1.0
2020-03-03,RU-ARK,1.0
2020-03-04,RU-ARK,0.9
2020-03-05,RU-ARK,0.9
2020-03-06,RU-ARK,0.9
2020-03-07,RU-ARK,2.2
2020-03-08,RU-ARK,2.6
2020-03-09,RU-ARK,2.9
2020-03-10,RU-ARK,1.0
2020-03-11,RU-ARK,1.0
2020-03-12,RU-ARK,1.0
2020-03-13,RU-ARK,0.9
2020-03-14,RU-ARK,2.4
2020-03-15,RU-ARK,2.9
2020-03-16,RU-ARK,1.1
2020-03-17,RU-ARK,1.0
2020-03-18,RU-ARK,1.2
2020-03-19,RU-ARK,1.5
2020-03-20,RU-ARK,1.5
2020-03-21,RU-ARK,2.8
2020-03-22,RU-ARK,3.2
2020-03-23,RU-ARK,1.6
2020-03-24,RU-ARK,1.5
2020-03-25,RU-ARK,1.5
2020-03-26,RU-ARK,1.6
2020-03-27,RU-ARK,1.6
2020-03-28,RU-ARK,3.3
2020-03-29,RU-ARK,3.8
2020-03-30,RU-ARK,2.9
2020-03-31,RU-ARK,3.1
2020-04-01,RU-ARK,3.3
2020-04-02,RU-ARK,3.4
2020-04-03,RU-ARK,3.3
2020-04-04,RU-ARK,3.9
2020-04-05,RU-ARK,4.0
2020-04-06,RU-ARK,2.9
2020-04-07,RU-ARK,2.9
2020-04-08,RU-ARK,2.9
2020-04-09,RU-ARK,2.9
2020-04-10,RU-ARK,2.8
2020-04-11,RU-ARK,3.5
2020-04-12,RU-ARK,3.8
2020-04-13,RU-ARK,2.8
2020-04-14,RU-ARK,2.7
2020-04-15,RU-ARK,2.7
2020-04-16,RU-ARK,2.6
2020-04-17,RU-ARK,2.6
2020-04-18,RU-ARK,3.5
2020-04-19,RU-ARK,3.7
2020-02-23,RU-VLG,2.8
2020-02-24,RU-VLG,2.9
2020-02-25,RU-VLG,0.8
2020-02-26,RU-VLG,0.7
2020-02-27,RU-VLG,0.7
2020-02-28,RU-VLG,0.7
2020-02-29,RU-VLG,2.4
2020-03-01,RU-VLG,2.8
2020-03-02,RU-VLG,0.8
2020-03-03,RU-VLG,0.8
2020-03-04,RU-VLG,0.7
2020-03-05,RU-VLG,0.7
2020-03-06,RU-VLG,0.8
2020-03-07,RU-VLG,2.3
2020-03-08,RU-VLG,2.7
2020-03-09,RU-VLG,2.9
2020-03-10,RU-VLG,0.8
2020-03-11,RU-VLG,0.7
2020-03-12,RU-VLG,0.7
2020-03-13,RU-VLG,0.8
2020-03-14,RU-VLG,2.3
2020-03-15,RU-VLG,2.9
2020-03-16,RU-VLG,0.8
2020-03-17,RU-VLG,0.7
2020-03-18,RU-VLG,1.1
2020-03-19,RU-VLG,1.1
2020-03-20,RU-VLG,1.1
2020-03-21,RU-VLG,2.6
2020-03-22,RU-VLG,3.0
2020-03-23,RU-VLG,1.1
2020-03-24,RU-VLG,1.1
2020-03-25,RU-VLG,1.1
2020-03-26,RU-VLG,1.1
2020-03-27,RU-VLG,1.1
2020-03-28,RU-VLG,3.1
2020-03-29,RU-VLG,3.8
2020-03-30,RU-VLG,3.0
2020-03-31,RU-VLG,3.4
2020-04-01,RU-VLG,3.5
2020-04-02,RU-VLG,3.6
2020-04-03,RU-VLG,3.5
2020-04-04,RU-VLG,4.1
2020-04-05,RU-VLG,4.2
2020-04-06,RU-VLG,3.1
2020-04-07,RU-VLG,3.0
2020-04-08,RU-VLG,2.9
2020-04-09,RU-VLG,2.8
2020-04-10,RU-VLG,2.8
2020-04-11,RU-VLG,3.5
2020-04-12,RU-VLG,3.8
2020-04-13,RU-VLG,2.7
2020-04-14,RU-VLG,2.7
2020-04-15,RU-VLG,2.7
2020-04-16,RU-VLG,2.7
2020-04-17,RU-VLG,2.7
2020-04-18,RU-VLG,3.6
2020-04-19,RU-VLG,3.8
2020-02-23,RU-KGD,2.6
2020-02-24,RU-KGD,2.5
2020-02-25,RU-KGD,0.8
2020-02-26,RU-KGD,0.7
2020-02-27,RU-KGD,0.8
2020-02-28,RU-KGD,0.7
2020-02-29,RU-KGD,2.0
2020-03-01,RU-KGD,2.5
2020-03-02,RU-KGD,0.7
2020-03-03,RU-KGD,0.7
2020-03-04,RU-KGD,0.6
2020-03-05,RU-KGD,0.5
2020-03-06,RU-KGD,0.6
2020-03-07,RU-KGD,1.9
2020-03-08,RU-KGD,2.4
2020-03-09,RU-KGD,2.4
2020-03-10,RU-KGD,0.7
2020-03-11,RU-KGD,0.8
2020-03-12,RU-KGD,1.0
2020-03-13,RU-KGD,0.7
2020-03-14,RU-KGD,2.1
2020-03-15,RU-KGD,2.7
2020-03-16,RU-KGD,0.9
2020-03-17,RU-KGD,0.9
2020-03-18,RU-KGD,1.0
2020-03-19,RU-KGD,1.1
2020-03-20,RU-KGD,1.1
2020-03-21,RU-KGD,2.3
2020-03-22,RU-KGD,2.9
2020-03-23,RU-KGD,1.3
2020-03-24,RU-KGD,1.2
2020-03-25,RU-KGD,1.2
2020-03-26,RU-KGD,1.2
2020-03-27,RU-KGD,1.2
2020-03-28,RU-KGD,2.7
2020-03-29,RU-KGD,3.9
2020-03-30,RU-KGD,3.0
2020-03-31,RU-KGD,3.5
2020-04-01,RU-KGD,3.6
2020-04-02,RU-KGD,3.6
2020-04-03,RU-KGD,3.5
2020-04-04,RU-KGD,3.8
2020-04-05,RU-KGD,3.8
2020-04-06,RU-KGD,2.8
2020-04-07,RU-KGD,2.8
2020-04-08,RU-KGD,2.8
2020-04-09,RU-KGD,2.9
2020-04-10,RU-KGD,2.7
2020-04-11,RU-KGD,3.3
2020-04-12,RU-KGD,3.7
2020-04-13,RU-KGD,2.8
2020-04-14,RU-KGD,2.9
2020-04-15,RU-KGD,2.8
2020-04-16,RU-KGD,3.1
2020-04-17,RU-KGD,2.8
2020-04-18,RU-KGD,3.4
2020-04-19,RU-KGD,3.8
2020-02-23,RU-MUR,3.1
2020-02-24,RU-MUR,3.1
2020-02-25,RU-MUR,1.1
2020-02-26,RU-MUR,1.2
2020-02-27,RU-MUR,1.1
2020-02-28,RU-MUR,1.1
2020-02-29,RU-MUR,2.5
2020-03-01,RU-MUR,3.2
2020-03-02,RU-MUR,1.1
2020-03-03,RU-MUR,1.0
2020-03-04,RU-MUR,1.1
2020-03-05,RU-MUR,1.0
2020-03-06,RU-MUR,1.1
2020-03-07,RU-MUR,2.4
2020-03-08,RU-MUR,3.0
2020-03-09,RU-MUR,3.2
2020-03-10,RU-MUR,1.2
2020-03-11,RU-MUR,1.1
2020-03-12,RU-MUR,1.1
2020-03-13,RU-MUR,1.4
2020-03-14,RU-MUR,2.5
2020-03-15,RU-MUR,3.4
2020-03-16,RU-MUR,1.2
2020-03-17,RU-MUR,1.4
2020-03-18,RU-MUR,1.5
2020-03-19,RU-MUR,1.6
2020-03-20,RU-MUR,1.6
2020-03-21,RU-MUR,2.8
2020-03-22,RU-MUR,3.3
2020-03-23,RU-MUR,1.6
2020-03-24,RU-MUR,1.6
2020-03-25,RU-MUR,1.6
2020-03-26,RU-MUR,1.7
2020-03-27,RU-MUR,1.8
2020-03-28,RU-MUR,3.6
2020-03-29,RU-MUR,4.0
2020-03-30,RU-MUR,3.2
2020-03-31,RU-MUR,3.4
2020-04-01,RU-MUR,3.5
2020-04-02,RU-MUR,3.5
2020-04-03,RU-MUR,3.4
2020-04-04,RU-MUR,4.0
2020-04-05,RU-MUR,4.2
2020-04-06,RU-MUR,3.0
2020-04-07,RU-MUR,3.1
2020-04-08,RU-MUR,3.0
2020-04-09,RU-MUR,3.2
2020-04-10,RU-MUR,2.9
2020-04-11,RU-MUR,3.7
2020-04-12,RU-MUR,4.1
2020-04-13,RU-MUR,2.9
2020-04-14,RU-MUR,2.9
2020-04-15,RU-MUR,2.8
2020-04-16,RU-MUR,2.9
2020-04-17,RU-MUR,2.9
2020-04-18,RU-MUR,3.7
2020-04-19,RU-MUR,4.0
2020-02-23,RU-NGR,2.7
2020-02-24,RU-NGR,2.9
2020-02-25,RU-NGR,0.7
2020-02-26,RU-NGR,0.8
2020-02-27,RU-NGR,0.8
2020-02-28,RU-NGR,0.8
2020-02-29,RU-NGR,2.3
2020-03-01,RU-NGR,3.0
2020-03-02,RU-NGR,0.8
2020-03-03,RU-NGR,0.7
2020-03-04,RU-NGR,0.7
2020-03-05,RU-NGR,0.7
2020-03-06,RU-NGR,0.7
2020-03-07,RU-NGR,2.2
2020-03-08,RU-NGR,2.6
2020-03-09,RU-NGR,2.8
2020-03-10,RU-NGR,0.7
2020-03-11,RU-NGR,0.7
2020-03-12,RU-NGR,0.8
2020-03-13,RU-NGR,0.8
2020-03-14,RU-NGR,2.3
2020-03-15,RU-NGR,2.9
2020-03-16,RU-NGR,0.9
2020-03-17,RU-NGR,0.9
2020-03-18,RU-NGR,1.0
2020-03-19,RU-NGR,1.0
2020-03-20,RU-NGR,1.0
2020-03-21,RU-NGR,2.5
2020-03-22,RU-NGR,3.0
2020-03-23,RU-NGR,1.1
2020-03-24,RU-NGR,1.2
2020-03-25,RU-NGR,1.1
2020-03-26,RU-NGR,1.1
2020-03-27,RU-NGR,1.1
2020-03-28,RU-NGR,3.0
2020-03-29,RU-NGR,3.8
2020-03-30,RU-NGR,2.8
2020-03-31,RU-NGR,3.2
2020-04-01,RU-NGR,3.5
2020-04-02,RU-NGR,3.4
2020-04-03,RU-NGR,3.3
2020-04-04,RU-NGR,3.8
2020-04-05,RU-NGR,4.0
2020-04-06,RU-NGR,2.6
2020-04-07,RU-NGR,2.5
2020-04-08,RU-NGR,2.5
2020-04-09,RU-NGR,2.6
2020-04-10,RU-NGR,2.5
2020-04-11,RU-NGR,3.5
2020-04-12,RU-NGR,3.8
2020-04-13,RU-NGR,2.5
2020-04-14,RU-NGR,2.5
2020-04-15,RU-NGR,2.4
2020-04-16,RU-NGR,2.6
2020-04-17,RU-NGR,2.4
2020-04-18,RU-NGR,3.5
2020-04-19,RU-NGR,3.9
2020-02-23,RU-PSK,2.9
2020-02-24,RU-PSK,2.9
2020-02-25,RU-PSK,0.7
2020-02-26,RU-PSK,0.8
2020-02-27,RU-PSK,0.8
2020-02-28,RU-PSK,0.8
2020-02-29,RU-PSK,2.4
2020-03-01,RU-PSK,3.0
2020-03-02,RU-PSK,0.8
2020-03-03,RU-PSK,0.7
2020-03-04,RU-PSK,0.8
2020-03-05,RU-PSK,0.7
2020-03-06,RU-PSK,0.7
2020-03-07,RU-PSK,2.2
2020-03-08,RU-PSK,2.6
2020-03-09,RU-PSK,2.9
2020-03-10,RU-PSK,0.6
2020-03-11,RU-PSK,0.8
2020-03-12,RU-PSK,0.7
2020-03-13,RU-PSK,0.7
2020-03-14,RU-PSK,2.3
2020-03-15,RU-PSK,2.8
2020-03-16,RU-PSK,1.2
2020-03-17,RU-PSK,1.1
2020-03-18,RU-PSK,1.2
2020-03-19,RU-PSK,1.1
2020-03-20,RU-PSK,1.2
2020-03-21,RU-PSK,2.7
2020-03-22,RU-PSK,3.1
2020-03-23,RU-PSK,1.3
2020-03-24,RU-PSK,1.3
2020-03-25,RU-PSK,1.3
2020-03-26,RU-PSK,1.2
2020-03-27,RU-PSK,1.3
2020-03-28,RU-PSK,3.0
2020-03-29,RU-PSK,3.8
2020-03-30,RU-PSK,3.0
2020-03-31,RU-PSK,3.2
2020-04-01,RU-PSK,3.4
2020-04-02,RU-PSK,3.4
2020-04-03,RU-PSK,3.4
2020-04-04,RU-PSK,3.8
2020-04-05,RU-PSK,4.0
2020-04-06,RU-PSK,2.9
2020-04-07,RU-PSK,2.7
2020-04-08,RU-PSK,2.8
2020-04-09,RU-PSK,2.7
2020-04-10,RU-PSK,2.5
2020-04-11,RU-PSK,3.4
2020-04-12,RU-PSK,3.8
2020-04-13,RU-PSK,2.4
2020-04-14,RU-PSK,2.5
2020-04-15,RU-PSK,2.5
2020-04-16,RU-PSK,2.5
2020-04-17,RU-PSK,2.4
2020-04-18,RU-PSK,3.5
2020-04-19,RU-PSK,3.8
2020-02-23,RU-DA,2.1
2020-02-24,RU-DA,2.0
2020-02-25,RU-DA,0.9
2020-02-26,RU-DA,0.8
2020-02-27,RU-DA,0.8
2020-02-28,RU-DA,0.9
2020-02-29,RU-DA,1.6
2020-03-01,RU-DA,2.3
2020-03-02,RU-DA,0.8
2020-03-03,RU-DA,0.7
2020-03-04,RU-DA,0.7
2020-03-05,RU-DA,0.7
2020-03-06,RU-DA,0.9
2020-03-07,RU-DA,1.6
2020-03-08,RU-DA,2.1
2020-03-09,RU-DA,1.9
2020-03-10,RU-DA,0.7
2020-03-11,RU-DA,0.7
2020-03-12,RU-DA,0.7
2020-03-13,RU-DA,0.9
2020-03-14,RU-DA,1.5
2020-03-15,RU-DA,2.1
2020-03-16,RU-DA,0.9
2020-03-17,RU-DA,0.8
2020-03-18,RU-DA,0.9
2020-03-19,RU-DA,0.9
2020-03-20,RU-DA,1.0
2020-03-21,RU-DA,1.7
2020-03-22,RU-DA,2.1
2020-03-23,RU-DA,0.9
2020-03-24,RU-DA,0.9
2020-03-25,RU-DA,0.9
2020-03-26,RU-DA,1.0
2020-03-27,RU-DA,1.4
2020-03-28,RU-DA,2.2
2020-03-29,RU-DA,2.7
2020-03-30,RU-DA,2.7
2020-03-31,RU-DA,2.9
2020-04-01,RU-DA,3.1
2020-04-02,RU-DA,3.7
2020-04-03,RU-DA,3.6
2020-04-04,RU-DA,3.6
2020-04-05,RU-DA,3.6
2020-04-06,RU-DA,3.0
2020-04-07,RU-DA,2.8
2020-04-08,RU-DA,2.8
2020-04-09,RU-DA,2.7
2020-04-10,RU-DA,2.7
2020-04-11,RU-DA,2.8
2020-04-12,RU-DA,3.2
2020-04-13,RU-DA,2.4
2020-04-14,RU-DA,2.5
2020-04-15,RU-DA,2.4
2020-04-16,RU-DA,2.6
2020-04-17,RU-DA,2.6
2020-04-18,RU-DA,3.0
2020-04-19,RU-DA,3.3
2020-02-23,RU-KB,2.4
2020-02-24,RU-KB,2.3
2020-02-25,RU-KB,0.7
2020-02-26,RU-KB,0.6
2020-02-27,RU-KB,0.6
2020-02-28,RU-KB,0.7
2020-02-29,RU-KB,1.6
2020-03-01,RU-KB,2.7
2020-03-02,RU-KB,0.7
2020-03-03,RU-KB,0.6
2020-03-04,RU-KB,0.5
2020-03-05,RU-KB,0.5
2020-03-06,RU-KB,0.7
2020-03-07,RU-KB,1.4
2020-03-08,RU-KB,2.1
2020-03-09,RU-KB,2.0
2020-03-10,RU-KB,0.6
2020-03-11,RU-KB,0.5
2020-03-12,RU-KB,0.6
2020-03-13,RU-KB,0.5
2020-03-14,RU-KB,1.5
2020-03-15,RU-KB,2.6
2020-03-16,RU-KB,0.8
2020-03-17,RU-KB,1.0
2020-03-18,RU-KB,1.1
2020-03-19,RU-KB,1.1
2020-03-20,RU-KB,1.1
2020-03-21,RU-KB,1.9
2020-03-22,RU-KB,2.6
2020-03-23,RU-KB,1.2
2020-03-24,RU-KB,1.5
2020-03-25,RU-KB,1.5
2020-03-26,RU-KB,1.6
2020-03-27,RU-KB,1.8
2020-03-28,RU-KB,2.9
2020-03-29,RU-KB,3.5
2020-03-30,RU-KB,3.2
2020-03-31,RU-KB,3.3
2020-04-01,RU-KB,3.4
2020-04-02,RU-KB,3.6
2020-04-03,RU-KB,3.4
2020-04-04,RU-KB,3.5
2020-04-05,RU-KB,3.7
2020-04-06,RU-KB,2.8
2020-04-07,RU-KB,2.7
2020-04-08,RU-KB,2.6
2020-04-09,RU-KB,2.6
2020-04-10,RU-KB,2.5
2020-04-11,RU-KB,2.9
2020-04-12,RU-KB,3.5
2020-04-13,RU-KB,2.4
2020-04-14,RU-KB,2.5
2020-04-15,RU-KB,2.6
2020-04-16,RU-KB,2.8
2020-04-17,RU-KB,2.6
2020-04-18,RU-KB,3.0
2020-04-19,RU-KB,3.4
2020-02-23,RU-SE,2.6
2020-02-24,RU-SE,2.4
2020-02-25,RU-SE,0.9
2020-02-26,RU-SE,0.8
2020-02-27,RU-SE,0.8
2020-02-28,RU-SE,0.8
2020-02-29,RU-SE,1.9
2020-03-01,RU-SE,2.8
2020-03-02,RU-SE,1.0
2020-03-03,RU-SE,0.8
2020-03-04,RU-SE,0.8
2020-03-05,RU-SE,0.7
2020-03-06,RU-SE,0.9
2020-03-07,RU-SE,1.8
2020-03-08,RU-SE,2.3
2020-03-09,RU-SE,2.2
2020-03-10,RU-SE,0.9
2020-03-11,RU-SE,0.8
2020-03-12,RU-SE,0.9
2020-03-13,RU-SE,0.8
2020-03-14,RU-SE,1.9
2020-03-15,RU-SE,2.8
2020-03-16,RU-SE,1.2
2020-03-17,RU-SE,1.2
2020-03-18,RU-SE,1.5
2020-03-19,RU-SE,1.5
2020-03-20,RU-SE,1.4
2020-03-21,RU-SE,2.2
2020-03-22,RU-SE,2.6
2020-03-23,RU-SE,1.3
2020-03-24,RU-SE,1.4
2020-03-25,RU-SE,1.5
2020-03-26,RU-SE,1.6
2020-03-27,RU-SE,1.5
2020-03-28,RU-SE,2.4
2020-03-29,RU-SE,3.0
2020-03-30,RU-SE,2.8
2020-03-31,RU-SE,3.0
2020-04-01,RU-SE,3.2
2020-04-02,RU-SE,3.5
2020-04-03,RU-SE,3.4
2020-04-04,RU-SE,3.6
2020-04-05,RU-SE,3.7
2020-04-06,RU-SE,3.0
2020-04-07,RU-SE,2.8
2020-04-08,RU-SE,2.8
2020-04-09,RU-SE,2.7
2020-04-10,RU-SE,2.5
2020-04-11,RU-SE,2.9
2020-04-12,RU-SE,3.5
2020-04-13,RU-SE,2.4
2020-04-14,RU-SE,2.4
2020-04-15,RU-SE,2.4
2020-04-16,RU-SE,2.7
2020-04-17,RU-SE,2.4
2020-04-18,RU-SE,2.9
2020-04-19,RU-SE,3.4
2020-02-23,RU-KDA,2.5
2020-02-24,RU-KDA,2.6
2020-02-25,RU-KDA,0.6
2020-02-26,RU-KDA,0.4
2020-02-27,RU-KDA,0.4
2020-02-28,RU-KDA,0.6
2020-02-29,RU-KDA,1.9
2020-03-01,RU-KDA,2.4
2020-03-02,RU-KDA,0.5
2020-03-03,RU-KDA,0.3
2020-03-04,RU-KDA,0.3
2020-03-05,RU-KDA,0.3
2020-03-06,RU-KDA,0.3
2020-03-07,RU-KDA,1.5
2020-03-08,RU-KDA,2.0
2020-03-09,RU-KDA,2.2
2020-03-10,RU-KDA,0.4
2020-03-11,RU-KDA,0.4
2020-03-12,RU-KDA,0.4
2020-03-13,RU-KDA,0.3
2020-03-14,RU-KDA,1.6
2020-03-15,RU-KDA,2.5
2020-03-16,RU-KDA,0.6
2020-03-17,RU-KDA,0.6
2020-03-18,RU-KDA,0.9
2020-03-19,RU-KDA,0.9
2020-03-20,RU-KDA,0.9
2020-03-21,RU-KDA,2.0
2020-03-22,RU-KDA,2.5
2020-03-23,RU-KDA,1.0
2020-03-24,RU-KDA,1.1
2020-03-25,RU-KDA,1.1
2020-03-26,RU-KDA,1.1
2020-03-27,RU-KDA,1.1
2020-03-28,RU-KDA,2.6
2020-03-29,RU-KDA,3.2
2020-03-30,RU-KDA,2.6
2020-03-31,RU-KDA,2.8
2020-04-01,RU-KDA,3.8
2020-04-02,RU-KDA,3.7
2020-04-03,RU-KDA,3.8
2020-04-04,RU-KDA,4.1
2020-04-05,RU-KDA,4.2
2020-04-06,RU-KDA,3.4
2020-04-07,RU-KDA,3.4
2020-04-08,RU-KDA,3.3
2020-04-09,RU-KDA,3.2
2020-04-10,RU-KDA,3.1
2020-04-11,RU-KDA,3.7
2020-04-12,RU-KDA,3.8
2020-04-13,RU-KDA,2.7
2020-04-14,RU-KDA,2.6
2020-04-15,RU-KDA,2.7
2020-04-16,RU-KDA,2.7
2020-04-17,RU-KDA,2.7
2020-04-18,RU-KDA,3.2
2020-04-19,RU-KDA,3.6
2020-02-23,RU-STA,2.7
2020-02-24,RU-STA,2.7
2020-02-25,RU-STA,0.8
2020-02-26,RU-STA,0.5
2020-02-27,RU-STA,0.5
2020-02-28,RU-STA,0.7
2020-02-29,RU-STA,2.0
2020-03-01,RU-STA,2.8
2020-03-02,RU-STA,0.7
2020-03-03,RU-STA,0.6
2020-03-04,RU-STA,0.4
2020-03-05,RU-STA,0.4
2020-03-06,RU-STA,0.6
2020-03-07,RU-STA,1.7
2020-03-08,RU-STA,2.2
2020-03-09,RU-STA,2.4
2020-03-10,RU-STA,0.5
2020-03-11,RU-STA,0.5
2020-03-12,RU-STA,0.6
2020-03-13,RU-STA,0.4
2020-03-14,RU-STA,1.9
2020-03-15,RU-STA,2.8
2020-03-16,RU-STA,0.8
2020-03-17,RU-STA,0.8
2020-03-18,RU-STA,1.0
2020-03-19,RU-STA,1.0
2020-03-20,RU-STA,1.2
2020-03-21,RU-STA,2.4
2020-03-22,RU-STA,2.9
2020-03-23,RU-STA,1.3
2020-03-24,RU-STA,1.5
2020-03-25,RU-STA,1.3
2020-03-26,RU-STA,1.4
2020-03-27,RU-STA,1.4
2020-03-28,RU-STA,3.3
2020-03-29,RU-STA,3.7
2020-03-30,RU-STA,3.0
2020-03-31,RU-STA,3.0
2020-04-01,RU-STA,3.6
2020-04-02,RU-STA,3.7
2020-04-03,RU-STA,3.5
2020-04-04,RU-STA,3.9
2020-04-05,RU-STA,4.0
2020-04-06,RU-STA,2.8
2020-04-07,RU-STA,2.7
2020-04-08,RU-STA,2.6
2020-04-09,RU-STA,2.5
2020-04-10,RU-STA,2.4
2020-04-11,RU-STA,3.3
2020-04-12,RU-STA,3.8
2020-04-13,RU-STA,2.5
2020-04-14,RU-STA,2.5
2020-04-15,RU-STA,2.5
2020-04-16,RU-STA,2.7
2020-04-17,RU-STA,2.5
2020-04-18,RU-STA,3.3
2020-04-19,RU-STA,3.7
2020-02-23,RU-AST,2.4
2020-02-24,RU-AST,2.7
2020-02-25,RU-AST,0.9
2020-02-26,RU-AST,0.7
2020-02-27,RU-AST,0.8
2020-02-28,RU-AST,0.7
2020-02-29,RU-AST,1.9
2020-03-01,RU-AST,2.6
2020-03-02,RU-AST,0.8
2020-03-03,RU-AST,0.7
2020-03-04,RU-AST,0.6
2020-03-05,RU-AST,0.5
2020-03-06,RU-AST,0.7
2020-03-07,RU-AST,2.0
2020-03-08,RU-AST,2.4
2020-03-09,RU-AST,2.6
2020-03-10,RU-AST,0.7
2020-03-11,RU-AST,0.7
2020-03-12,RU-AST,0.7
2020-03-13,RU-AST,0.6
2020-03-14,RU-AST,1.8
2020-03-15,RU-AST,2.5
2020-03-16,RU-AST,0.9
2020-03-17,RU-AST,0.8
2020-03-18,RU-AST,1.2
2020-03-19,RU-AST,1.5
2020-03-20,RU-AST,1.4
2020-03-21,RU-AST,2.3
2020-03-22,RU-AST,2.7
2020-03-23,RU-AST,1.3
2020-03-24,RU-AST,1.2
2020-03-25,RU-AST,1.3
2020-03-26,RU-AST,1.2
2020-03-27,RU-AST,1.3
2020-03-28,RU-AST,2.6
2020-03-29,RU-AST,3.5
2020-03-30,RU-AST,2.9
2020-03-31,RU-AST,3.4
2020-04-01,RU-AST,3.7
2020-04-02,RU-AST,3.7
2020-04-03,RU-AST,3.5
2020-04-04,RU-AST,3.8
2020-04-05,RU-AST,4.0
2020-04-06,RU-AST,3.1
2020-04-07,RU-AST,3.1
2020-04-08,RU-AST,3.0
2020-04-09,RU-AST,3.0
2020-04-10,RU-AST,2.9
2020-04-11,RU-AST,3.3
2020-04-12,RU-AST,3.9
2020-04-13,RU-AST,3.1
2020-04-14,RU-AST,3.0
2020-04-15,RU-AST,3.0
2020-04-16,RU-AST,3.0
2020-04-17,RU-AST,2.9
2020-04-18,RU-AST,3.4
2020-04-19,RU-AST,3.6
2020-02-23,RU-VGG,2.7
2020-02-24,RU-VGG,3.0
2020-02-25,RU-VGG,1.0
2020-02-26,RU-VGG,0.8
2020-02-27,RU-VGG,0.8
2020-02-28,RU-VGG,0.8
2020-02-29,RU-VGG,2.1
2020-03-01,RU-VGG,2.5
2020-03-02,RU-VGG,0.8
2020-03-03,RU-VGG,0.7
2020-03-04,RU-VGG,0.6
2020-03-05,RU-VGG,0.6
2020-03-06,RU-VGG,0.7
2020-03-07,RU-VGG,2.1
2020-03-08,RU-VGG,2.4
2020-03-09,RU-VGG,2.6
2020-03-10,RU-VGG,0.7
2020-03-11,RU-VGG,0.6
2020-03-12,RU-VGG,0.8
2020-03-13,RU-VGG,0.7
2020-03-14,RU-VGG,2.0
2020-03-15,RU-VGG,2.8
2020-03-16,RU-VGG,0.9
2020-03-17,RU-VGG,0.8
2020-03-18,RU-VGG,0.9
2020-03-19,RU-VGG,1.0
2020-03-20,RU-VGG,1.0
2020-03-21,RU-VGG,2.2
2020-03-22,RU-VGG,2.9
2020-03-23,RU-VGG,1.3
2020-03-24,RU-VGG,1.4
2020-03-25,RU-VGG,1.3
2020-03-26,RU-VGG,1.3
2020-03-27,RU-VGG,1.2
2020-03-28,RU-VGG,2.7
2020-03-29,RU-VGG,3.3
2020-03-30,RU-VGG,2.6
2020-03-31,RU-VGG,2.7
2020-04-01,RU-VGG,3.3
2020-04-02,RU-VGG,3.4
2020-04-03,RU-VGG,3.2
2020-04-04,RU-VGG,3.5
2020-04-05,RU-VGG,3.7
2020-04-06,RU-VGG,2.9
2020-04-07,RU-VGG,2.8
2020-04-08,RU-VGG,2.7
2020-04-09,RU-VGG,2.7
2020-04-10,RU-VGG,2.5
2020-04-11,RU-VGG,3.2
2020-04-12,RU-VGG,3.7
2020-04-13,RU-VGG,2.5
2020-04-14,RU-VGG,2.5
2020-04-15,RU-VGG,2.5
2020-04-16,RU-VGG,2.5
2020-04-17,RU-VGG,2.5
2020-04-18,RU-VGG,3.1
2020-04-19,RU-VGG,3.4
2020-02-23,RU-ROS,2.7
2020-02-24,RU-ROS,2.9
2020-02-25,RU-ROS,0.7
2020-02-26,RU-ROS,0.5
2020-02-27,RU-ROS,0.5
2020-02-28,RU-ROS,0.7
2020-02-29,RU-ROS,1.9
2020-03-01,RU-ROS,2.3
2020-03-02,RU-ROS,0.6
2020-03-03,RU-ROS,0.4
2020-03-04,RU-ROS,0.4
2020-03-05,RU-ROS,0.4
2020-03-06,RU-ROS,0.5
2020-03-07,RU-ROS,1.7
2020-03-08,RU-ROS,2.2
2020-03-09,RU-ROS,2.3
2020-03-10,RU-ROS,0.5
2020-03-11,RU-ROS,0.6
2020-03-12,RU-ROS,0.6
2020-03-13,RU-ROS,0.5
2020-03-14,RU-ROS,1.8
2020-03-15,RU-ROS,2.6
2020-03-16,RU-ROS,0.7
2020-03-17,RU-ROS,0.6
2020-03-18,RU-ROS,0.8
2020-03-19,RU-ROS,0.9
2020-03-20,RU-ROS,0.9
2020-03-21,RU-ROS,2.0
2020-03-22,RU-ROS,2.7
2020-03-23,RU-ROS,1.1
2020-03-24,RU-ROS,1.1
2020-03-25,RU-ROS,1.0
2020-03-26,RU-ROS,1.1
2020-03-27,RU-ROS,1.1
2020-03-28,RU-ROS,2.8
2020-03-29,RU-ROS,3.5
2020-03-30,RU-ROS,2.8
2020-03-31,RU-ROS,3.1
2020-04-01,RU-ROS,3.4
2020-04-02,RU-ROS,3.4
2020-04-03,RU-ROS,3.3
2020-04-04,RU-ROS,3.7
2020-04-05,RU-ROS,4.0
2020-04-06,RU-ROS,3.0
2020-04-07,RU-ROS,3.0
2020-04-08,RU-ROS,2.9
2020-04-09,RU-ROS,2.8
2020-04-10,RU-ROS,2.7
2020-04-11,RU-ROS,3.5
2020-04-12,RU-ROS,3.8
2020-04-13,RU-ROS,2.7
2020-04-14,RU-ROS,2.6
2020-04-15,RU-ROS,2.7
2020-04-16,RU-ROS,2.7
2020-04-17,RU-ROS,2.7
2020-04-18,RU-ROS,3.3
2020-04-19,RU-ROS,3.7
2020-02-23,RU-ME,2.5
2020-02-24,RU-ME,2.7
2020-02-25,RU-ME,0.7
2020-02-26,RU-ME,0.7
2020-02-27,RU-ME,0.7
2020-02-28,RU-ME,0.7
2020-02-29,RU-ME,2.1
2020-03-01,RU-ME,2.5
2020-03-02,RU-ME,0.8
2020-03-03,RU-ME,0.6
2020-03-04,RU-ME,0.6
2020-03-05,RU-ME,0.5
2020-03-06,RU-ME,0.6
2020-03-07,RU-ME,2.0
2020-03-08,RU-ME,2.4
2020-03-09,RU-ME,2.6
2020-03-10,RU-ME,0.7
2020-03-11,RU-ME,0.5
2020-03-12,RU-ME,0.6
2020-03-13,RU-ME,0.6
2020-03-14,RU-ME,1.9
2020-03-15,RU-ME,2.6
2020-03-16,RU-ME,0.6
2020-03-17,RU-ME,0.7
2020-03-18,RU-ME,0.7
2020-03-19,RU-ME,0.8
2020-03-20,RU-ME,0.8
2020-03-21,RU-ME,2.4
2020-03-22,RU-ME,2.7
2020-03-23,RU-ME,1.1
2020-03-24,RU-ME,1.1
2020-03-25,RU-ME,1.0
2020-03-26,RU-ME,0.9
2020-03-27,RU-ME,0.9
2020-03-28,RU-ME,2.6
2020-03-29,RU-ME,3.3
2020-03-30,RU-ME,2.7
2020-03-31,RU-ME,3.2
2020-04-01,RU-ME,3.5
2020-04-02,RU-ME,3.6
2020-04-03,RU-ME,3.4
2020-04-04,RU-ME,3.7
2020-04-05,RU-ME,3.9
2020-04-06,RU-ME,3.0
2020-04-07,RU-ME,2.9
2020-04-08,RU-ME,2.8
2020-04-09,RU-ME,2.7
2020-04-10,RU-ME,2.7
2020-04-11,RU-ME,3.6
2020-04-12,RU-ME,4.0
2020-04-13,RU-ME,2.7
2020-04-14,RU-ME,2.5
2020-04-15,RU-ME,2.5
2020-04-16,RU-ME,2.7
2020-04-17,RU-ME,2.6
2020-04-18,RU-ME,3.5
2020-04-19,RU-ME,3.8
2020-02-23,RU-MO,2.7
2020-02-24,RU-MO,2.8
2020-02-25,RU-MO,0.7
2020-02-26,RU-MO,0.6
2020-02-27,RU-MO,0.7
2020-02-28,RU-MO,0.7
2020-02-29,RU-MO,2.2
2020-03-01,RU-MO,2.6
2020-03-02,RU-MO,0.7
2020-03-03,RU-MO,0.6
2020-03-04,RU-MO,0.6
2020-03-05,RU-MO,0.5
2020-03-06,RU-MO,0.6
2020-03-07,RU-MO,2.0
2020-03-08,RU-MO,2.5
2020-03-09,RU-MO,2.8
2020-03-10,RU-MO,0.6
2020-03-11,RU-MO,0.6
2020-03-12,RU-MO,0.6
2020-03-13,RU-MO,0.7
2020-03-14,RU-MO,2.0
2020-03-15,RU-MO,2.8
2020-03-16,RU-MO,0.7
2020-03-17,RU-MO,0.7
2020-03-18,RU-MO,0.7
2020-03-19,RU-MO,0.9
2020-03-20,RU-MO,0.9
2020-03-21,RU-MO,2.4
2020-03-22,RU-MO,3.0
2020-03-23,RU-MO,1.3
2020-03-24,RU-MO,1.2
2020-03-25,RU-MO,1.1
2020-03-26,RU-MO,1.1
2020-03-27,RU-MO,1.0
2020-03-28,RU-MO,2.8
2020-03-29,RU-MO,3.4
2020-03-30,RU-MO,2.7
2020-03-31,RU-MO,3.0
2020-04-01,RU-MO,3.2
2020-04-02,RU-MO,3.2
2020-04-03,RU-MO,3.1
2020-04-04,RU-MO,3.5
2020-04-05,RU-MO,3.8
2020-04-06,RU-MO,2.7
2020-04-07,RU-MO,2.7
2020-04-08,RU-MO,2.6
2020-04-09,RU-MO,2.5
2020-04-10,RU-MO,2.6
2020-04-11,RU-MO,3.6
2020-04-12,RU-MO,4.0
2020-04-13,RU-MO,2.6
2020-04-14,RU-MO,2.6
2020-04-15,RU-MO,2.7
2020-04-16,RU-MO,2.6
2020-04-17,RU-MO,2.6
2020-04-18,RU-MO,3.5
2020-04-19,RU-MO,3.7
2020-02-23,RU-TA,2.4
2020-02-24,RU-TA,2.5
2020-02-25,RU-TA,0.5
2020-02-26,RU-TA,0.4
2020-02-27,RU-TA,0.5
2020-02-28,RU-TA,0.5
2020-02-29,RU-TA,1.9
2020-03-01,RU-TA,2.4
2020-03-02,RU-TA,0.5
2020-03-03,RU-TA,0.4
2020-03-04,RU-TA,0.4
2020-03-05,RU-TA,0.3
2020-03-06,RU-TA,0.4
2020-03-07,RU-TA,1.7
2020-03-08,RU-TA,2.3
2020-03-09,RU-TA,2.5
2020-03-10,RU-TA,0.4
2020-03-11,RU-TA,0.4
2020-03-12,RU-TA,0.4
2020-03-13,RU-TA,0.4
2020-03-14,RU-TA,1.7
2020-03-15,RU-TA,2.4
2020-03-16,RU-TA,0.5
2020-03-17,RU-TA,0.5
2020-03-18,RU-TA,0.6
2020-03-19,RU-TA,1.0
2020-03-20,RU-TA,0.9
2020-03-21,RU-TA,2.2
2020-03-22,RU-TA,2.7
2020-03-23,RU-TA,1.1
2020-03-24,RU-TA,1.1
2020-03-25,RU-TA,1.0
2020-03-26,RU-TA,1.0
2020-03-27,RU-TA,1.0
2020-03-28,RU-TA,2.6
2020-03-29,RU-TA,3.2
2020-03-30,RU-TA,2.6
2020-03-31,RU-TA,2.9
2020-04-01,RU-TA,3.6
2020-04-02,RU-TA,3.7
2020-04-03,RU-TA,3.6
2020-04-04,RU-TA,3.8
2020-04-05,RU-TA,3.9
2020-04-06,RU-TA,3.1
2020-04-07,RU-TA,3.0
2020-04-08,RU-TA,2.9
2020-04-09,RU-TA,2.7
2020-04-10,RU-TA,2.7
2020-04-11,RU-TA,3.5
2020-04-12,RU-TA,3.8
2020-04-13,RU-TA,2.7
2020-04-14,RU-TA,2.6
2020-04-15,RU-TA,2.5
2020-04-16,RU-TA,2.6
2020-04-17,RU-TA,2.6
2020-04-18,RU-TA,3.3
2020-04-19,RU-TA,3.5
2020-02-23,RU-UD,2.6
2020-02-24,RU-UD,2.8
2020-02-25,RU-UD,0.6
2020-02-26,RU-UD,0.5
2020-02-27,RU-UD,0.5
2020-02-28,RU-UD,0.5
2020-02-29,RU-UD,2.2
2020-03-01,RU-UD,2.7
2020-03-02,RU-UD,0.6
2020-03-03,RU-UD,0.5
2020-03-04,RU-UD,0.4
2020-03-05,RU-UD,0.4
2020-03-06,RU-UD,0.5
2020-03-07,RU-UD,2.1
2020-03-08,RU-UD,2.5
2020-03-09,RU-UD,2.8
2020-03-10,RU-UD,0.5
2020-03-11,RU-UD,0.4
2020-03-12,RU-UD,0.5
2020-03-13,RU-UD,0.5
2020-03-14,RU-UD,2.1
2020-03-15,RU-UD,2.7
2020-03-16,RU-UD,0.5
2020-03-17,RU-UD,0.5
2020-03-18,RU-UD,0.5
2020-03-19,RU-UD,0.6
2020-03-20,RU-UD,0.6
2020-03-21,RU-UD,2.2
2020-03-22,RU-UD,2.8
2020-03-23,RU-UD,0.9
2020-03-24,RU-UD,1.0
2020-03-25,RU-UD,0.9
2020-03-26,RU-UD,0.9
2020-03-27,RU-UD,0.9
2020-03-28,RU-UD,2.9
2020-03-29,RU-UD,3.5
2020-03-30,RU-UD,2.7
2020-03-31,RU-UD,2.9
2020-04-01,RU-UD,3.5
2020-04-02,RU-UD,3.5
2020-04-03,RU-UD,3.3
2020-04-04,RU-UD,3.7
2020-04-05,RU-UD,3.8
2020-04-06,RU-UD,2.3
2020-04-07,RU-UD,2.4
2020-04-08,RU-UD,2.4
2020-04-09,RU-UD,2.3
2020-04-10,RU-UD,2.3
2020-04-11,RU-UD,3.4
2020-04-12,RU-UD,3.7
2020-04-13,RU-UD,2.3
2020-04-14,RU-UD,2.2
2020-04-15,RU-UD,2.1
2020-04-16,RU-UD,2.3
2020-04-17,RU-UD,2.3
2020-04-18,RU-UD,3.4
2020-04-19,RU-UD,3.6
2020-02-23,RU-CU,2.5
2020-02-24,RU-CU,2.6
2020-02-25,RU-CU,0.6
2020-02-26,RU-CU,0.5
2020-02-27,RU-CU,0.5
2020-02-28,RU-CU,0.5
2020-02-29,RU-CU,2.0
2020-03-01,RU-CU,2.5
2020-03-02,RU-CU,0.6
2020-03-03,RU-CU,0.5
2020-03-04,RU-CU,0.5
2020-03-05,RU-CU,0.4
2020-03-06,RU-CU,0.5
2020-03-07,RU-CU,1.9
2020-03-08,RU-CU,2.4
2020-03-09,RU-CU,2.5
2020-03-10,RU-CU,0.5
2020-03-11,RU-CU,0.4
2020-03-12,RU-CU,0.5
2020-03-13,RU-CU,0.6
2020-03-14,RU-CU,1.9
2020-03-15,RU-CU,2.5
2020-03-16,RU-CU,0.5
2020-03-17,RU-CU,0.6
2020-03-18,RU-CU,0.6
2020-03-19,RU-CU,0.8
2020-03-20,RU-CU,0.8
2020-03-21,RU-CU,2.2
2020-03-22,RU-CU,2.7
2020-03-23,RU-CU,1.0
2020-03-24,RU-CU,1.1
2020-03-25,RU-CU,1.0
2020-03-26,RU-CU,1.0
2020-03-27,RU-CU,0.9
2020-03-28,RU-CU,2.4
2020-03-29,RU-CU,3.2
2020-03-30,RU-CU,2.6
2020-03-31,RU-CU,2.9
2020-04-01,RU-CU,3.2
2020-04-02,RU-CU,3.2
2020-04-03,RU-CU,3.0
2020-04-04,RU-CU,3.4
2020-04-05,RU-CU,3.7
2020-04-06,RU-CU,2.7
2020-04-07,RU-CU,2.6
2020-04-08,RU-CU,2.5
2020-04-09,RU-CU,2.5
2020-04-10,RU-CU,2.5
2020-04-11,RU-CU,3.5
2020-04-12,RU-CU,4.0
2020-04-13,RU-CU,2.6
2020-04-14,RU-CU,2.5
2020-04-15,RU-CU,2.4
2020-04-16,RU-CU,2.6
2020-04-17,RU-CU,2.5
2020-04-18,RU-CU,3.4
2020-04-19,RU-CU,3.7
2020-02-23,RU-KIR,2.6
2020-02-24,RU-KIR,2.9
2020-02-25,RU-KIR,0.9
2020-02-26,RU-KIR,0.8
2020-02-27,RU-KIR,0.8
2020-02-28,RU-KIR,0.8
2020-02-29,RU-KIR,2.3
2020-03-01,RU-KIR,2.7
2020-03-02,RU-KIR,0.9
2020-03-03,RU-KIR,0.8
2020-03-04,RU-KIR,0.8
2020-03-05,RU-KIR,0.7
2020-03-06,RU-KIR,0.8
2020-03-07,RU-KIR,2.2
2020-03-08,RU-KIR,2.6
2020-03-09,RU-KIR,2.9
2020-03-10,RU-KIR,0.8
2020-03-11,RU-KIR,0.7
2020-03-12,RU-KIR,0.8
2020-03-13,RU-KIR,0.8
2020-03-14,RU-KIR,2.1
2020-03-15,RU-KIR,2.8
2020-03-16,RU-KIR,0.8
2020-03-17,RU-KIR,1.1
2020-03-18,RU-KIR,1.2
2020-03-19,RU-KIR,1.3
2020-03-20,RU-KIR,1.2
2020-03-21,RU-KIR,2.6
2020-03-22,RU-KIR,3.0
2020-03-23,RU-KIR,1.2
2020-03-24,RU-KIR,1.3
2020-03-25,RU-KIR,1.2
2020-03-26,RU-KIR,1.2
2020-03-27,RU-KIR,1.2
2020-03-28,RU-KIR,2.9
2020-03-29,RU-KIR,3.4
2020-03-30,RU-KIR,2.8
2020-03-31,RU-KIR,3.0
2020-04-01,RU-KIR,3.5
2020-04-02,RU-KIR,3.5
2020-04-03,RU-KIR,3.3
2020-04-04,RU-KIR,3.7
2020-04-05,RU-KIR,3.9
2020-04-06,RU-KIR,2.8
2020-04-07,RU-KIR,2.8
2020-04-08,RU-KIR,2.7
2020-04-09,RU-KIR,2.6
2020-04-10,RU-KIR,2.5
2020-04-11,RU-KIR,3.3
2020-04-12,RU-KIR,3.8
2020-04-13,RU-KIR,2.5
2020-04-14,RU-KIR,2.3
2020-04-15,RU-KIR,2.3
2020-04-16,RU-KIR,2.5
2020-04-17,RU-KIR,2.5
2020-04-18,RU-KIR,3.4
2020-04-19,RU-KIR,3.5
2020-02-23,RU-NIZ,2.7
2020-02-24,RU-NIZ,2.9
2020-02-25,RU-NIZ,0.6
2020-02-26,RU-NIZ,0.5
2020-02-27,RU-NIZ,0.6
2020-02-28,RU-NIZ,0.6
2020-02-29,RU-NIZ,2.2
2020-03-01,RU-NIZ,2.6
2020-03-02,RU-NIZ,0.7
2020-03-03,RU-NIZ,0.5
2020-03-04,RU-NIZ,0.5
2020-03-05,RU-NIZ,0.4
2020-03-06,RU-NIZ,0.5
2020-03-07,RU-NIZ,2.1
2020-03-08,RU-NIZ,2.5
2020-03-09,RU-NIZ,2.7
2020-03-10,RU-NIZ,0.6
2020-03-11,RU-NIZ,0.4
2020-03-12,RU-NIZ,0.5
2020-03-13,RU-NIZ,0.6
2020-03-14,RU-NIZ,2.1
2020-03-15,RU-NIZ,3.0
2020-03-16,RU-NIZ,0.6
2020-03-17,RU-NIZ,0.6
2020-03-18,RU-NIZ,0.9
2020-03-19,RU-NIZ,1.0
2020-03-20,RU-NIZ,1.0
2020-03-21,RU-NIZ,2.5
2020-03-22,RU-NIZ,3.0
2020-03-23,RU-NIZ,1.1
2020-03-24,RU-NIZ,1.2
2020-03-25,RU-NIZ,1.0
2020-03-26,RU-NIZ,1.0
2020-03-27,RU-NIZ,1.0
2020-03-28,RU-NIZ,2.8
2020-03-29,RU-NIZ,3.4
2020-03-30,RU-NIZ,2.9
2020-03-31,RU-NIZ,3.4
2020-04-01,RU-NIZ,3.6
2020-04-02,RU-NIZ,3.6
2020-04-03,RU-NIZ,3.5
2020-04-04,RU-NIZ,3.9
2020-04-05,RU-NIZ,4.0
2020-04-06,RU-NIZ,3.2
2020-04-07,RU-NIZ,3.0
2020-04-08,RU-NIZ,2.9
2020-04-09,RU-NIZ,2.8
2020-04-10,RU-NIZ,2.8
2020-04-11,RU-NIZ,3.5
2020-04-12,RU-NIZ,3.9
2020-04-13,RU-NIZ,2.7
2020-04-14,RU-NIZ,2.6
2020-04-15,RU-NIZ,2.8
2020-04-16,RU-NIZ,2.8
2020-04-17,RU-NIZ,2.8
2020-04-18,RU-NIZ,3.6
2020-04-19,RU-NIZ,3.8
2020-02-23,RU-ORE,2.6
2020-02-24,RU-ORE,2.8
2020-02-25,RU-ORE,0.6
2020-02-26,RU-ORE,0.6
2020-02-27,RU-ORE,0.6
2020-02-28,RU-ORE,0.6
2020-02-29,RU-ORE,1.9
2020-03-01,RU-ORE,2.6
2020-03-02,RU-ORE,0.7
2020-03-03,RU-ORE,0.5
2020-03-04,RU-ORE,0.7
2020-03-05,RU-ORE,0.5
2020-03-06,RU-ORE,0.6
2020-03-07,RU-ORE,1.9
2020-03-08,RU-ORE,2.5
2020-03-09,RU-ORE,2.7
2020-03-10,RU-ORE,0.6
2020-03-11,RU-ORE,0.6
2020-03-12,RU-ORE,0.6
2020-03-13,RU-ORE,0.6
2020-03-14,RU-ORE,1.8
2020-03-15,RU-ORE,2.7
2020-03-16,RU-ORE,0.7
2020-03-17,RU-ORE,0.6
2020-03-18,RU-ORE,0.8
2020-03-19,RU-ORE,0.7
2020-03-20,RU-ORE,0.8
2020-03-21,RU-ORE,2.2
2020-03-22,RU-ORE,2.8
2020-03-23,RU-ORE,1.1
2020-03-24,RU-ORE,1.0
2020-03-25,RU-ORE,1.1
2020-03-26,RU-ORE,1.2
2020-03-27,RU-ORE,1.1
2020-03-28,RU-ORE,2.9
2020-03-29,RU-ORE,3.5
2020-03-30,RU-ORE,2.9
2020-03-31,RU-ORE,3.1
2020-04-01,RU-ORE,3.1
2020-04-02,RU-ORE,3.5
2020-04-03,RU-ORE,3.3
2020-04-04,RU-ORE,3.9
2020-04-05,RU-ORE,3.9
2020-04-06,RU-ORE,2.9
2020-04-07,RU-ORE,3.0
2020-04-08,RU-ORE,2.9
2020-04-09,RU-ORE,2.8
2020-04-10,RU-ORE,2.7
2020-04-11,RU-ORE,3.3
2020-04-12,RU-ORE,3.7
2020-04-13,RU-ORE,2.6
2020-04-14,RU-ORE,2.5
2020-04-15,RU-ORE,2.4
2020-04-16,RU-ORE,2.5
2020-04-17,RU-ORE,2.5
2020-04-18,RU-ORE,3.2
2020-04-19,RU-ORE,3.5
2020-02-23,RU-PNZ,2.7
2020-02-24,RU-PNZ,2.6
2020-02-25,RU-PNZ,0.7
2020-02-26,RU-PNZ,0.7
2020-02-27,RU-PNZ,0.6
2020-02-28,RU-PNZ,0.6
2020-02-29,RU-PNZ,2.0
2020-03-01,RU-PNZ,2.5
2020-03-02,RU-PNZ,0.6
2020-03-03,RU-PNZ,0.5
2020-03-04,RU-PNZ,0.5
2020-03-05,RU-PNZ,0.4
2020-03-06,RU-PNZ,0.5
2020-03-07,RU-PNZ,1.9
2020-03-08,RU-PNZ,2.4
2020-03-09,RU-PNZ,2.6
2020-03-10,RU-PNZ,0.4
2020-03-11,RU-PNZ,0.4
2020-03-12,RU-PNZ,0.5
2020-03-13,RU-PNZ,0.5
2020-03-14,RU-PNZ,1.9
2020-03-15,RU-PNZ,2.8
2020-03-16,RU-PNZ,0.6
2020-03-17,RU-PNZ,0.8
2020-03-18,RU-PNZ,0.9
2020-03-19,RU-PNZ,0.9
2020-03-20,RU-PNZ,0.9
2020-03-21,RU-PNZ,2.2
2020-03-22,RU-PNZ,3.0
2020-03-23,RU-PNZ,1.2
2020-03-24,RU-PNZ,1.1
2020-03-25,RU-PNZ,1.0
2020-03-26,RU-PNZ,1.0
2020-03-27,RU-PNZ,1.0
2020-03-28,RU-PNZ,2.7
2020-03-29,RU-PNZ,3.3
2020-03-30,RU-PNZ,2.6
2020-03-31,RU-PNZ,2.8
2020-04-01,RU-PNZ,3.3
2020-04-02,RU-PNZ,3.4
2020-04-03,RU-PNZ,3.3
2020-04-04,RU-PNZ,3.6
2020-04-05,RU-PNZ,3.9
2020-04-06,RU-PNZ,3.0
2020-04-07,RU-PNZ,2.9
2020-04-08,RU-PNZ,2.8
2020-04-09,RU-PNZ,2.7
2020-04-10,RU-PNZ,2.6
2020-04-11,RU-PNZ,3.6
2020-04-12,RU-PNZ,4.2
2020-04-13,RU-PNZ,2.8
2020-04-14,RU-PNZ,2.5
2020-04-15,RU-PNZ,2.6
2020-04-16,RU-PNZ,2.6
2020-04-17,RU-PNZ,2.5
2020-04-18,RU-PNZ,3.3
2020-04-19,RU-PNZ,3.7
2020-02-23,RU-PER,2.6
2020-02-24,RU-PER,2.9
2020-02-25,RU-PER,0.6
2020-02-26,RU-PER,0.6
2020-02-27,RU-PER,0.6
2020-02-28,RU-PER,0.6
2020-02-29,RU-PER,2.2
2020-03-01,RU-PER,2.8
2020-03-02,RU-PER,0.7
2020-03-03,RU-PER,0.6
2020-03-04,RU-PER,0.6
2020-03-05,RU-PER,0.5
2020-03-06,RU-PER,0.5
2020-03-07,RU-PER,2.2
2020-03-08,RU-PER,2.7
2020-03-09,RU-PER,2.9
2020-03-10,RU-PER,0.6
2020-03-11,RU-PER,0.6
2020-03-12,RU-PER,0.6
2020-03-13,RU-PER,0.6
2020-03-14,RU-PER,2.1
2020-03-15,RU-PER,2.8
2020-03-16,RU-PER,0.7
2020-03-17,RU-PER,0.8
2020-03-18,RU-PER,0.8
2020-03-19,RU-PER,1.2
2020-03-20,RU-PER,1.1
2020-03-21,RU-PER,2.6
2020-03-22,RU-PER,3.0
2020-03-23,RU-PER,1.1
2020-03-24,RU-PER,1.1
2020-03-25,RU-PER,1.2
2020-03-26,RU-PER,1.2
2020-03-27,RU-PER,1.2
2020-03-28,RU-PER,3.0
2020-03-29,RU-PER,3.6
2020-03-30,RU-PER,2.9
2020-03-31,RU-PER,3.1
2020-04-01,RU-PER,2.9
2020-04-02,RU-PER,4.0
2020-04-03,RU-PER,3.9
2020-04-04,RU-PER,4.2
2020-04-05,RU-PER,4.3
2020-04-06,RU-PER,3.5
2020-04-07,RU-PER,3.4
2020-04-08,RU-PER,3.3
2020-04-09,RU-PER,3.2
2020-04-10,RU-PER,3.1
2020-04-11,RU-PER,3.8
2020-04-12,RU-PER,4.0
2020-04-13,RU-PER,2.9
2020-04-14,RU-PER,2.9
2020-04-15,RU-PER,2.8
2020-04-16,RU-PER,2.9
2020-04-17,RU-PER,2.8
2020-04-18,RU-PER,3.7
2020-04-19,RU-PER,3.8
2020-02-23,RU-SAM,2.6
2020-02-24,RU-SAM,2.8
2020-02-25,RU-SAM,0.8
2020-02-26,RU-SAM,0.7
2020-02-27,RU-SAM,0.7
2020-02-28,RU-SAM,0.7
2020-02-29,RU-SAM,2.1
2020-03-01,RU-SAM,2.6
2020-03-02,RU-SAM,0.7
2020-03-03,RU-SAM,0.6
2020-03-04,RU-SAM,0.6
2020-03-05,RU-SAM,0.6
2020-03-06,RU-SAM,0.6
2020-03-07,RU-SAM,2.1
2020-03-08,RU-SAM,2.6
2020-03-09,RU-SAM,2.8
2020-03-10,RU-SAM,0.6
2020-03-11,RU-SAM,0.5
2020-03-12,RU-SAM,0.6
2020-03-13,RU-SAM,0.6
2020-03-14,RU-SAM,2.1
2020-03-15,RU-SAM,2.8
2020-03-16,RU-SAM,0.8
2020-03-17,RU-SAM,1.0
2020-03-18,RU-SAM,1.0
2020-03-19,RU-SAM,1.1
2020-03-20,RU-SAM,1.2
2020-03-21,RU-SAM,2.4
2020-03-22,RU-SAM,3.1
2020-03-23,RU-SAM,1.6
2020-03-24,RU-SAM,1.4
2020-03-25,RU-SAM,1.4
2020-03-26,RU-SAM,1.3
2020-03-27,RU-SAM,1.3
2020-03-28,RU-SAM,2.8
2020-03-29,RU-SAM,3.5
2020-03-30,RU-SAM,2.8
2020-03-31,RU-SAM,2.9
2020-04-01,RU-SAM,3.4
2020-04-02,RU-SAM,3.5
2020-04-03,RU-SAM,3.3
2020-04-04,RU-SAM,3.6
2020-04-05,RU-SAM,3.9
2020-04-06,RU-SAM,2.8
2020-04-07,RU-SAM,2.8
2020-04-08,RU-SAM,2.7
2020-04-09,RU-SAM,2.6
2020-04-10,RU-SAM,2.5
2020-04-11,RU-SAM,3.1
2020-04-12,RU-SAM,3.7
2020-04-13,RU-SAM,2.4
2020-04-14,RU-SAM,2.2
2020-04-15,RU-SAM,2.2
2020-04-16,RU-SAM,2.3
2020-04-17,RU-SAM,2.4
2020-04-18,RU-SAM,3.2
2020-04-19,RU-SAM,3.4
2020-02-23,RU-KGN,2.7
2020-02-24,RU-KGN,2.9
2020-02-25,RU-KGN,0.9
2020-02-26,RU-KGN,0.9
2020-02-27,RU-KGN,0.9
2020-02-28,RU-KGN,0.8
2020-02-29,RU-KGN,2.3
2020-03-01,RU-KGN,2.9
2020-03-02,RU-KGN,0.8
2020-03-03,RU-KGN,0.7
2020-03-04,RU-KGN,0.7
2020-03-05,RU-KGN,0.7
2020-03-06,RU-KGN,0.8
2020-03-07,RU-KGN,2.2
2020-03-08,RU-KGN,2.6
2020-03-09,RU-KGN,2.9
2020-03-10,RU-KGN,0.9
2020-03-11,RU-KGN,0.8
2020-03-12,RU-KGN,0.8
2020-03-13,RU-KGN,0.8
2020-03-14,RU-KGN,2.3
2020-03-15,RU-KGN,3.1
2020-03-16,RU-KGN,0.8
2020-03-17,RU-KGN,1.2
2020-03-18,RU-KGN,1.3
2020-03-19,RU-KGN,1.3
2020-03-20,RU-KGN,1.3
2020-03-21,RU-KGN,2.7
2020-03-22,RU-KGN,3.2
2020-03-23,RU-KGN,1.4
2020-03-24,RU-KGN,1.3
2020-03-25,RU-KGN,1.4
2020-03-26,RU-KGN,1.4
2020-03-27,RU-KGN,1.3
2020-03-28,RU-KGN,3.0
2020-03-29,RU-KGN,3.4
2020-03-30,RU-KGN,2.6
2020-03-31,RU-KGN,2.7
2020-04-01,RU-KGN,3.0
2020-04-02,RU-KGN,3.1
2020-04-03,RU-KGN,2.9
2020-04-04,RU-KGN,3.6
2020-04-05,RU-KGN,3.9
2020-04-06,RU-KGN,2.6
2020-04-07,RU-KGN,3.1
2020-04-08,RU-KGN,2.9
2020-04-09,RU-KGN,2.6
2020-04-10,RU-KGN,2.3
2020-04-11,RU-KGN,3.1
2020-04-12,RU-KGN,3.7
2020-04-13,RU-KGN,2.2
2020-04-14,RU-KGN,2.3
2020-04-15,RU-KGN,2.3
2020-04-16,RU-KGN,2.2
2020-04-17,RU-KGN,2.2
2020-04-18,RU-KGN,3.1
2020-04-19,RU-KGN,3.4
2020-02-23,RU-SVE,2.4
2020-02-24,RU-SVE,2.6
2020-02-25,RU-SVE,0.4
2020-02-26,RU-SVE,0.4
2020-02-27,RU-SVE,0.4
2020-02-28,RU-SVE,0.4
2020-02-29,RU-SVE,2.0
2020-03-01,RU-SVE,2.5
2020-03-02,RU-SVE,0.4
2020-03-03,RU-SVE,0.4
2020-03-04,RU-SVE,0.3
2020-03-05,RU-SVE,0.3
2020-03-06,RU-SVE,0.4
2020-03-07,RU-SVE,2.0
2020-03-08,RU-SVE,2.4
2020-03-09,RU-SVE,2.6
2020-03-10,RU-SVE,0.4
2020-03-11,RU-SVE,0.3
2020-03-12,RU-SVE,0.3
2020-03-13,RU-SVE,0.4
2020-03-14,RU-SVE,1.9
2020-03-15,RU-SVE,2.7
2020-03-16,RU-SVE,0.5
2020-03-17,RU-SVE,0.7
2020-03-18,RU-SVE,0.8
2020-03-19,RU-SVE,0.9
2020-03-20,RU-SVE,0.9
2020-03-21,RU-SVE,2.4
2020-03-22,RU-SVE,2.9
2020-03-23,RU-SVE,1.0
2020-03-24,RU-SVE,0.9
2020-03-25,RU-SVE,0.9
2020-03-26,RU-SVE,1.1
2020-03-27,RU-SVE,1.0
2020-03-28,RU-SVE,3.0
2020-03-29,RU-SVE,3.4
2020-03-30,RU-SVE,2.6
2020-03-31,RU-SVE,2.9
2020-04-01,RU-SVE,3.1
2020-04-02,RU-SVE,3.2
2020-04-03,RU-SVE,3.1
2020-04-04,RU-SVE,3.7
2020-04-05,RU-SVE,3.7
2020-04-06,RU-SVE,2.7
2020-04-07,RU-SVE,2.7
2020-04-08,RU-SVE,2.6
2020-04-09,RU-SVE,2.6
2020-04-10,RU-SVE,2.4
2020-04-11,RU-SVE,3.2
2020-04-12,RU-SVE,3.5
2020-04-13,RU-SVE,2.4
2020-04-14,RU-SVE,2.4
2020-04-15,RU-SVE,2.3
2020-04-16,RU-SVE,2.3
2020-04-17,RU-SVE,2.3
2020-04-18,RU-SVE,3.2
2020-04-19,RU-SVE,3.4
2020-02-23,RU-TYU,2.5
2020-02-24,RU-TYU,2.7
2020-02-25,RU-TYU,0.8
2020-02-26,RU-TYU,0.8
2020-02-27,RU-TYU,0.8
2020-02-28,RU-TYU,0.7
2020-02-29,RU-TYU,2.0
2020-03-01,RU-TYU,2.7
2020-03-02,RU-TYU,0.7
2020-03-03,RU-TYU,0.7
2020-03-04,RU-TYU,0.7
2020-03-05,RU-TYU,0.6
2020-03-06,RU-TYU,0.7
2020-03-07,RU-TYU,2.0
2020-03-08,RU-TYU,2.5
2020-03-09,RU-TYU,2.7
2020-03-10,RU-TYU,0.7
2020-03-11,RU-TYU,0.7
2020-03-12,RU-TYU,0.7
2020-03-13,RU-TYU,0.7
2020-03-14,RU-TYU,2.0
2020-03-15,RU-TYU,2.8
2020-03-16,RU-TYU,0.8
2020-03-17,RU-TYU,0.9
2020-03-18,RU-TYU,1.2
2020-03-19,RU-TYU,1.2
2020-03-20,RU-TYU,1.2
2020-03-21,RU-TYU,2.4
2020-03-22,RU-TYU,2.8
2020-03-23,RU-TYU,1.2
2020-03-24,RU-TYU,1.2
2020-03-25,RU-TYU,1.2
2020-03-26,RU-TYU,1.3
2020-03-27,RU-TYU,1.3
2020-03-28,RU-TYU,3.0
2020-03-29,RU-TYU,3.5
2020-03-30,RU-TYU,2.9
2020-03-31,RU-TYU,3.1
2020-04-01,RU-TYU,3.3
2020-04-02,RU-TYU,3.4
2020-04-03,RU-TYU,3.4
2020-04-04,RU-TYU,3.8
2020-04-05,RU-TYU,4.0
2020-04-06,RU-TYU,3.2
2020-04-07,RU-TYU,3.3
2020-04-08,RU-TYU,3.3
2020-04-09,RU-TYU,3.1
2020-04-10,RU-TYU,3.0
2020-04-11,RU-TYU,3.4
2020-04-12,RU-TYU,3.6
2020-04-13,RU-TYU,2.6
2020-04-14,RU-TYU,2.7
2020-04-15,RU-TYU,2.7
2020-04-16,RU-TYU,2.6
2020-04-17,RU-TYU,2.7
2020-04-18,RU-TYU,3.3
2020-04-19,RU-TYU,3.6
2020-02-23,RU-CHE,2.6
2020-02-24,RU-CHE,2.8
2020-02-25,RU-CHE,0.7
2020-02-26,RU-CHE,0.7
2020-02-27,RU-CHE,0.7
2020-02-28,RU-CHE,0.6
2020-02-29,RU-CHE,2.1
2020-03-01,RU-CHE,2.6
2020-03-02,RU-CHE,0.6
2020-03-03,RU-CHE,0.6
2020-03-04,RU-CHE,0.5
2020-03-05,RU-CHE,0.5
2020-03-06,RU-CHE,0.6
2020-03-07,RU-CHE,2.0
2020-03-08,RU-CHE,2.6
2020-03-09,RU-CHE,2.7
2020-03-10,RU-CHE,0.7
2020-03-11,RU-CHE,0.6
2020-03-12,RU-CHE,0.6
2020-03-13,RU-CHE,0.6
2020-03-14,RU-CHE,2.0
2020-03-15,RU-CHE,2.8
2020-03-16,RU-CHE,0.7
2020-03-17,RU-CHE,0.7
2020-03-18,RU-CHE,0.7
2020-03-19,RU-CHE,0.7
2020-03-20,RU-CHE,0.8
2020-03-21,RU-CHE,2.3
2020-03-22,RU-CHE,2.9
2020-03-23,RU-CHE,1.1
2020-03-24,RU-CHE,1.1
2020-03-25,RU-CHE,1.1
2020-03-26,RU-CHE,1.2
2020-03-27,RU-CHE,1.2
2020-03-28,RU-CHE,3.0
2020-03-29,RU-CHE,3.5
2020-03-30,RU-CHE,2.8
2020-03-31,RU-CHE,2.9
2020-04-01,RU-CHE,3.3
2020-04-02,RU-CHE,3.4
2020-04-03,RU-CHE,3.3
2020-04-04,RU-CHE,3.8
2020-04-05,RU-CHE,3.9
2020-04-06,RU-CHE,2.9
2020-04-07,RU-CHE,3.0
2020-04-08,RU-CHE,2.8
2020-04-09,RU-CHE,2.7
2020-04-10,RU-CHE,2.5
2020-04-11,RU-CHE,3.1
2020-04-12,RU-CHE,3.5
2020-04-13,RU-CHE,2.3
2020-04-14,RU-CHE,2.4
2020-04-15,RU-CHE,2.2
2020-04-16,RU-CHE,2.2
2020-04-17,RU-CHE,2.2
2020-04-18,RU-CHE,3.0
2020-04-19,RU-CHE,3.3
2020-02-23,RU-KHM,2.7
2020-02-24,RU-KHM,2.9
2020-02-25,RU-KHM,0.5
2020-02-26,RU-KHM,0.4
2020-02-27,RU-KHM,0.4
2020-02-28,RU-KHM,0.3
2020-02-29,RU-KHM,2.2
2020-03-01,RU-KHM,2.7
2020-03-02,RU-KHM,0.4
2020-03-03,RU-KHM,0.4
2020-03-04,RU-KHM,0.4
2020-03-05,RU-KHM,0.4
2020-03-06,RU-KHM,0.5
2020-03-07,RU-KHM,2.2
2020-03-08,RU-KHM,2.7
2020-03-09,RU-KHM,2.9
2020-03-10,RU-KHM,0.5
2020-03-11,RU-KHM,0.5
2020-03-12,RU-KHM,0.5
2020-03-13,RU-KHM,0.5
2020-03-14,RU-KHM,2.2
2020-03-15,RU-KHM,2.8
2020-03-16,RU-KHM,0.5
2020-03-17,RU-KHM,0.5
2020-03-18,RU-KHM,0.5
2020-03-19,RU-KHM,0.9
2020-03-20,RU-KHM,1.0
2020-03-21,RU-KHM,2.6
2020-03-22,RU-KHM,3.1
2020-03-23,RU-KHM,1.1
2020-03-24,RU-KHM,1.0
2020-03-25,RU-KHM,1.1
2020-03-26,RU-KHM,1.2
2020-03-27,RU-KHM,1.2
2020-03-28,RU-KHM,3.0
2020-03-29,RU-KHM,3.5
2020-03-30,RU-KHM,2.4
2020-03-31,RU-KHM,2.6
2020-04-01,RU-KHM,2.8
2020-04-02,RU-KHM,3.0
2020-04-03,RU-KHM,2.9
2020-04-04,RU-KHM,3.7
2020-04-05,RU-KHM,4.0
2020-04-06,RU-KHM,2.6
2020-04-07,RU-KHM,2.7
2020-04-08,RU-KHM,2.7
2020-04-09,RU-KHM,2.6
2020-04-10,RU-KHM,2.5
2020-04-11,RU-KHM,3.3
2020-04-12,RU-KHM,3.6
2020-04-13,RU-KHM,2.2
2020-04-14,RU-KHM,2.2
2020-04-15,RU-KHM,2.3
2020-04-16,RU-KHM,2.2
2020-04-17,RU-KHM,2.2
2020-04-18,RU-KHM,3.2
2020-04-19,RU-KHM,3.5
2020-02-23,RU-KYA,2.7
2020-02-24,RU-KYA,2.7
2020-02-25,RU-KYA,0.7
2020-02-26,RU-KYA,0.8
2020-02-27,RU-KYA,0.7
2020-02-28,RU-KYA,0.7
2020-02-29,RU-KYA,2.1
2020-03-01,RU-KYA,2.7
2020-03-02,RU-KYA,0.7
2020-03-03,RU-KYA,0.6
2020-03-04,RU-KYA,0.6
2020-03-05,RU-KYA,0.6
2020-03-06,RU-KYA,0.7
2020-03-07,RU-KYA,2.2
2020-03-08,RU-KYA,2.8
2020-03-09,RU-KYA,2.8
2020-03-10,RU-KYA,0.7
2020-03-11,RU-KYA,0.7
2020-03-12,RU-KYA,0.7
2020-03-13,RU-KYA,0.6
2020-03-14,RU-KYA,2.0
2020-03-15,RU-KYA,2.8
2020-03-16,RU-KYA,0.7
2020-03-17,RU-KYA,1.0
2020-03-18,RU-KYA,1.1
2020-03-19,RU-KYA,1.2
2020-03-20,RU-KYA,1.2
2020-03-21,RU-KYA,2.4
2020-03-22,RU-KYA,2.9
2020-03-23,RU-KYA,1.3
2020-03-24,RU-KYA,1.3
2020-03-25,RU-KYA,1.3
2020-03-26,RU-KYA,1.3
2020-03-27,RU-KYA,1.3
2020-03-28,RU-KYA,3.0
2020-03-29,RU-KYA,3.7
2020-03-30,RU-KYA,2.8
2020-03-31,RU-KYA,2.9
2020-04-01,RU-KYA,3.1
2020-04-02,RU-KYA,3.2
2020-04-03,RU-KYA,3.2
2020-04-04,RU-KYA,3.7
2020-04-05,RU-KYA,4.0
2020-04-06,RU-KYA,2.7
2020-04-07,RU-KYA,2.6
2020-04-08,RU-KYA,2.5
2020-04-09,RU-KYA,2.6
2020-04-10,RU-KYA,2.6
2020-04-11,RU-KYA,3.2
2020-04-12,RU-KYA,3.6
2020-04-13,RU-KYA,2.4
2020-04-14,RU-KYA,2.3
2020-04-15,RU-KYA,2.2
2020-04-16,RU-KYA,2.4
2020-04-17,RU-KYA,2.4
2020-04-18,RU-KYA,3.1
2020-04-19,RU-KYA,3.5
2020-02-23,RU-IRK,2.5
2020-02-24,RU-IRK,2.5
2020-02-25,RU-IRK,0.4
2020-02-26,RU-IRK,0.4
2020-02-27,RU-IRK,0.4
2020-02-28,RU-IRK,0.4
2020-02-29,RU-IRK,1.9
2020-03-01,RU-IRK,2.6
2020-03-02,RU-IRK,0.4
2020-03-03,RU-IRK,0.4
2020-03-04,RU-IRK,0.3
2020-03-05,RU-IRK,0.3
2020-03-06,RU-IRK,0.4
2020-03-07,RU-IRK,1.8
2020-03-08,RU-IRK,2.4
2020-03-09,RU-IRK,2.5
2020-03-10,RU-IRK,0.4
2020-03-11,RU-IRK,0.4
2020-03-12,RU-IRK,0.4
2020-03-13,RU-IRK,0.4
2020-03-14,RU-IRK,1.7
2020-03-15,RU-IRK,2.4
2020-03-16,RU-IRK,0.3
2020-03-17,RU-IRK,0.4
2020-03-18,RU-IRK,0.4
2020-03-19,RU-IRK,0.6
2020-03-20,RU-IRK,0.5
2020-03-21,RU-IRK,1.9
2020-03-22,RU-IRK,2.5
2020-03-23,RU-IRK,0.7
2020-03-24,RU-IRK,0.9
2020-03-25,RU-IRK,0.9
2020-03-26,RU-IRK,0.9
2020-03-27,RU-IRK,0.8
2020-03-28,RU-IRK,2.4
2020-03-29,RU-IRK,3.2
2020-03-30,RU-IRK,2.5
2020-03-31,RU-IRK,2.7
2020-04-01,RU-IRK,2.9
2020-04-02,RU-IRK,3.0
2020-04-03,RU-IRK,2.9
2020-04-04,RU-IRK,3.5
2020-04-05,RU-IRK,3.8
2020-04-06,RU-IRK,2.5
2020-04-07,RU-IRK,2.6
2020-04-08,RU-IRK,2.5
2020-04-09,RU-IRK,2.5
2020-04-10,RU-IRK,2.3
2020-04-11,RU-IRK,3.1
2020-04-12,RU-IRK,3.6
2020-04-13,RU-IRK,2.2
2020-04-14,RU-IRK,2.2
2020-04-15,RU-IRK,2.1
2020-04-16,RU-IRK,2.1
2020-04-17,RU-IRK,2.1
2020-04-18,RU-IRK,3.2
2020-04-19,RU-IRK,3.6
2020-02-23,RU-KEM,2.7
2020-02-24,RU-KEM,2.8
2020-02-25,RU-KEM,0.5
2020-02-26,RU-KEM,0.5
2020-02-27,RU-KEM,0.5
2020-02-28,RU-KEM,0.5
2020-02-29,RU-KEM,2.1
2020-03-01,RU-KEM,2.7
2020-03-02,RU-KEM,0.5
2020-03-03,RU-KEM,0.4
2020-03-04,RU-KEM,0.5
2020-03-05,RU-KEM,0.4
2020-03-06,RU-KEM,0.5
2020-03-07,RU-KEM,2.1
2020-03-08,RU-KEM,2.7
2020-03-09,RU-KEM,2.9
2020-03-10,RU-KEM,0.6
2020-03-11,RU-KEM,0.6
2020-03-12,RU-KEM,0.5
2020-03-13,RU-KEM,0.5
2020-03-14,RU-KEM,2.0
2020-03-15,RU-KEM,2.9
2020-03-16,RU-KEM,1.1
2020-03-17,RU-KEM,1.0
2020-03-18,RU-KEM,1.1
2020-03-19,RU-KEM,1.1
2020-03-20,RU-KEM,1.2
2020-03-21,RU-KEM,2.5
2020-03-22,RU-KEM,3.0
2020-03-23,RU-KEM,1.2
2020-03-24,RU-KEM,1.2
2020-03-25,RU-KEM,1.1
2020-03-26,RU-KEM,1.1
2020-03-27,RU-KEM,1.2
2020-03-28,RU-KEM,2.8
2020-03-29,RU-KEM,3.3
2020-03-30,RU-KEM,2.2
2020-03-31,RU-KEM,2.3
2020-04-01,RU-KEM,2.6
2020-04-02,RU-KEM,2.7
2020-04-03,RU-KEM,2.7
2020-04-04,RU-KEM,3.4
2020-04-05,RU-KEM,3.6
2020-04-06,RU-KEM,2.1
2020-04-07,RU-KEM,2.2
2020-04-08,RU-KEM,2.2
2020-04-09,RU-KEM,2.2
2020-04-10,RU-KEM,2.0
2020-04-11,RU-KEM,2.8
2020-04-12,RU-KEM,3.2
2020-04-13,RU-KEM,1.7
2020-04-14,RU-KEM,1.7
2020-04-15,RU-KEM,1.7
2020-04-16,RU-KEM,1.8
2020-04-17,RU-KEM,1.7
2020-04-18,RU-KEM,2.7
2020-04-19,RU-KEM,3.1
2020-02-23,RU-NVS,2.7
2020-02-24,RU-NVS,2.8
2020-02-25,RU-NVS,0.7
2020-02-26,RU-NVS,0.7
2020-02-27,RU-NVS,0.7
2020-02-28,RU-NVS,0.7
2020-02-29,RU-NVS,2.2
2020-03-01,RU-NVS,2.7
2020-03-02,RU-NVS,0.7
2020-03-03,RU-NVS,0.6
2020-03-04,RU-NVS,0.6
2020-03-05,RU-NVS,0.6
2020-03-06,RU-NVS,0.6
2020-03-07,RU-NVS,2.2
2020-03-08,RU-NVS,2.7
2020-03-09,RU-NVS,2.9
2020-03-10,RU-NVS,0.7
2020-03-11,RU-NVS,0.7
2020-03-12,RU-NVS,0.6
2020-03-13,RU-NVS,0.6
2020-03-14,RU-NVS,2.0
2020-03-15,RU-NVS,2.7
2020-03-16,RU-NVS,0.7
2020-03-17,RU-NVS,0.7
2020-03-18,RU-NVS,1.0
2020-03-19,RU-NVS,1.1
2020-03-20,RU-NVS,1.1
2020-03-21,RU-NVS,2.5
2020-03-22,RU-NVS,3.1
2020-03-23,RU-NVS,1.2
2020-03-24,RU-NVS,1.2
2020-03-25,RU-NVS,1.1
2020-03-26,RU-NVS,1.2
2020-03-27,RU-NVS,1.2
2020-03-28,RU-NVS,2.8
2020-03-29,RU-NVS,3.4
2020-03-30,RU-NVS,2.4
2020-03-31,RU-NVS,2.5
2020-04-01,RU-NVS,3.3
2020-04-02,RU-NVS,3.3
2020-04-03,RU-NVS,3.2
2020-04-04,RU-NVS,3.6
2020-04-05,RU-NVS,3.8
2020-04-06,RU-NVS,2.5
2020-04-07,RU-NVS,2.4
2020-04-08,RU-NVS,2.5
2020-04-09,RU-NVS,2.5
2020-04-10,RU-NVS,2.4
2020-04-11,RU-NVS,3.1
2020-04-12,RU-NVS,3.4
2020-04-13,RU-NVS,2.2
2020-04-14,RU-NVS,2.1
2020-04-15,RU-NVS,2.1
2020-04-16,RU-NVS,2.1
2020-04-17,RU-NVS,2.0
2020-04-18,RU-NVS,2.9
2020-04-19,RU-NVS,3.2
2020-02-23,RU-OMS,2.7
2020-02-24,RU-OMS,2.8
2020-02-25,RU-OMS,1.0
2020-02-26,RU-OMS,0.9
2020-02-27,RU-OMS,0.9
2020-02-28,RU-OMS,0.9
2020-02-29,RU-OMS,2.2
2020-03-01,RU-OMS,2.8
2020-03-02,RU-OMS,0.9
2020-03-03,RU-OMS,0.9
2020-03-04,RU-OMS,0.8
2020-03-05,RU-OMS,0.8
2020-03-06,RU-OMS,0.9
2020-03-07,RU-OMS,2.2
2020-03-08,RU-OMS,2.7
2020-03-09,RU-OMS,2.9
2020-03-10,RU-OMS,0.9
2020-03-11,RU-OMS,0.9
2020-03-12,RU-OMS,0.8
2020-03-13,RU-OMS,0.8
2020-03-14,RU-OMS,2.2
2020-03-15,RU-OMS,2.8
2020-03-16,RU-OMS,0.9
2020-03-17,RU-OMS,0.9
2020-03-18,RU-OMS,0.9
2020-03-19,RU-OMS,1.0
2020-03-20,RU-OMS,1.0
2020-03-21,RU-OMS,2.4
2020-03-22,RU-OMS,3.1
2020-03-23,RU-OMS,1.3
2020-03-24,RU-OMS,1.2
2020-03-25,RU-OMS,1.3
2020-03-26,RU-OMS,1.3
2020-03-27,RU-OMS,1.4
2020-03-28,RU-OMS,2.8
2020-03-29,RU-OMS,3.5
2020-03-30,RU-OMS,2.8
2020-03-31,RU-OMS,3.0
2020-04-01,RU-OMS,3.4
2020-04-02,RU-OMS,3.7
2020-04-03,RU-OMS,3.5
2020-04-04,RU-OMS,3.9
2020-04-05,RU-OMS,4.1
2020-04-06,RU-OMS,3.2
2020-04-07,RU-OMS,3.2
2020-04-08,RU-OMS,3.2
2020-04-09,RU-OMS,3.1
2020-04-10,RU-OMS,2.9
2020-04-11,RU-OMS,3.3
2020-04-12,RU-OMS,3.6
2020-04-13,RU-OMS,2.6
2020-04-14,RU-OMS,2.5
2020-04-15,RU-OMS,2.6
2020-04-16,RU-OMS,2.5
2020-04-17,RU-OMS,2.4
2020-04-18,RU-OMS,3.1
2020-04-19,RU-OMS,3.4
2020-02-23,RU-TOM,2.8
2020-02-24,RU-TOM,2.8
2020-02-25,RU-TOM,0.7
2020-02-26,RU-TOM,0.7
2020-02-27,RU-TOM,0.7
2020-02-28,RU-TOM,0.7
2020-02-29,RU-TOM,2.2
2020-03-01,RU-TOM,2.8
2020-03-02,RU-TOM,0.7
2020-03-03,RU-TOM,0.6
2020-03-04,RU-TOM,0.6
2020-03-05,RU-TOM,0.6
2020-03-06,RU-TOM,0.6
2020-03-07,RU-TOM,2.2
2020-03-08,RU-TOM,2.8
2020-03-09,RU-TOM,2.9
2020-03-10,RU-TOM,0.7
2020-03-11,RU-TOM,0.7
2020-03-12,RU-TOM,0.7
2020-03-13,RU-TOM,0.6
2020-03-14,RU-TOM,2.1
2020-03-15,RU-TOM,2.9
2020-03-16,RU-TOM,0.8
2020-03-17,RU-TOM,0.8
2020-03-18,RU-TOM,1.0
2020-03-19,RU-TOM,1.0
2020-03-20,RU-TOM,1.1
2020-03-21,RU-TOM,2.5
2020-03-22,RU-TOM,3.1
2020-03-23,RU-TOM,1.3
2020-03-24,RU-TOM,1.3
2020-03-25,RU-TOM,1.3
2020-03-26,RU-TOM,1.3
2020-03-27,RU-TOM,1.4
2020-03-28,RU-TOM,2.9
2020-03-29,RU-TOM,3.4
2020-03-30,RU-TOM,2.5
2020-03-31,RU-TOM,2.5
2020-04-01,RU-TOM,2.9
2020-04-02,RU-TOM,2.8
2020-04-03,RU-TOM,2.8
2020-04-04,RU-TOM,3.4
2020-04-05,RU-TOM,3.7
2020-04-06,RU-TOM,2.3
2020-04-07,RU-TOM,2.3
2020-04-08,RU-TOM,2.3
2020-04-09,RU-TOM,2.3
2020-04-10,RU-TOM,2.4
2020-04-11,RU-TOM,3.3
2020-04-12,RU-TOM,3.6
2020-04-13,RU-TOM,2.2
2020-04-14,RU-TOM,2.1
2020-04-15,RU-TOM,2.0
2020-04-16,RU-TOM,2.1
2020-04-17,RU-TOM,2.0
2020-04-18,RU-TOM,3.0
2020-04-19,RU-TOM,3.3
2020-02-23,RU-ZAB,2.8
2020-02-24,RU-ZAB,2.7
2020-02-25,RU-ZAB,2.1
2020-02-26,RU-ZAB,0.8
2020-02-27,RU-ZAB,0.8
2020-02-28,RU-ZAB,0.8
2020-02-29,RU-ZAB,2.3
2020-03-01,RU-ZAB,2.8
2020-03-02,RU-ZAB,0.8
2020-03-03,RU-ZAB,0.8
2020-03-04,RU-ZAB,0.8
2020-03-05,RU-ZAB,0.7
2020-03-06,RU-ZAB,0.7
2020-03-07,RU-ZAB,2.2
2020-03-08,RU-ZAB,2.9
2020-03-09,RU-ZAB,3.0
2020-03-10,RU-ZAB,0.9
2020-03-11,RU-ZAB,0.9
2020-03-12,RU-ZAB,0.8
2020-03-13,RU-ZAB,1.1
2020-03-14,RU-ZAB,2.5
2020-03-15,RU-ZAB,2.9
2020-03-16,RU-ZAB,1.1
2020-03-17,RU-ZAB,1.1
2020-03-18,RU-ZAB,1.2
2020-03-19,RU-ZAB,1.1
2020-03-20,RU-ZAB,1.1
2020-03-21,RU-ZAB,2.5
2020-03-22,RU-ZAB,2.9
2020-03-23,RU-ZAB,1.0
2020-03-24,RU-ZAB,1.1
2020-03-25,RU-ZAB,1.5
2020-03-26,RU-ZAB,1.4
2020-03-27,RU-ZAB,1.3
2020-03-28,RU-ZAB,2.7
2020-03-29,RU-ZAB,3.3
2020-03-30,RU-ZAB,2.4
2020-03-31,RU-ZAB,2.6
2020-04-01,RU-ZAB,3.0
2020-04-02,RU-ZAB,3.2
2020-04-03,RU-ZAB,3.0
2020-04-04,RU-ZAB,3.6
2020-04-05,RU-ZAB,3.9
2020-04-06,RU-ZAB,2.6
2020-04-07,RU-ZAB,2.6
2020-04-08,RU-ZAB,2.5
2020-04-09,RU-ZAB,2.5
2020-04-10,RU-ZAB,2.4
2020-04-11,RU-ZAB,3.0
2020-04-12,RU-ZAB,3.3
2020-04-13,RU-ZAB,2.1
2020-04-14,RU-ZAB,2.2
2020-04-15,RU-ZAB,2.1
2020-04-16,RU-ZAB,2.2
2020-04-17,RU-ZAB,2.1
2020-04-18,RU-ZAB,3.1
2020-04-19,RU-ZAB,3.5
2020-02-23,RU-SA,2.6
2020-02-24,RU-SA,2.6
2020-02-25,RU-SA,0.6
2020-02-26,RU-SA,0.5
2020-02-27,RU-SA,0.5
2020-02-28,RU-SA,0.5
2020-02-29,RU-SA,1.8
2020-03-01,RU-SA,2.6
2020-03-02,RU-SA,0.5
2020-03-03,RU-SA,0.5
2020-03-04,RU-SA,0.5
2020-03-05,RU-SA,0.4
2020-03-06,RU-SA,0.4
2020-03-07,RU-SA,1.6
2020-03-08,RU-SA,2.4
2020-03-09,RU-SA,2.5
2020-03-10,RU-SA,0.6
2020-03-11,RU-SA,0.5
2020-03-12,RU-SA,0.5
2020-03-13,RU-SA,0.6
2020-03-14,RU-SA,1.7
2020-03-15,RU-SA,2.6
2020-03-16,RU-SA,0.6
2020-03-17,RU-SA,0.6
2020-03-18,RU-SA,1.2
2020-03-19,RU-SA,1.2
2020-03-20,RU-SA,1.4
2020-03-21,RU-SA,2.4
2020-03-22,RU-SA,3.0
2020-03-23,RU-SA,1.6
2020-03-24,RU-SA,1.6
2020-03-25,RU-SA,1.6
2020-03-26,RU-SA,1.8
2020-03-27,RU-SA,1.7
2020-03-28,RU-SA,3.1
2020-03-29,RU-SA,3.6
2020-03-30,RU-SA,2.9
2020-03-31,RU-SA,3.1
2020-04-01,RU-SA,3.2
2020-04-02,RU-SA,3.2
2020-04-03,RU-SA,3.0
2020-04-04,RU-SA,3.4
2020-04-05,RU-SA,3.7
2020-04-06,RU-SA,2.6
2020-04-07,RU-SA,2.6
2020-04-08,RU-SA,2.6
2020-04-09,RU-SA,2.8
2020-04-10,RU-SA,2.6
2020-04-11,RU-SA,3.1
2020-04-12,RU-SA,3.5
2020-04-13,RU-SA,2.6
2020-04-14,RU-SA,2.6
2020-04-15,RU-SA,2.6
2020-04-16,RU-SA,2.6
2020-04-17,RU-SA,2.6
2020-04-18,RU-SA,3.1
2020-04-19,RU-SA,3.5
2020-02-23,RU-PRI,2.6
2020-02-24,RU-PRI,2.5
2020-02-25,RU-PRI,0.6
2020-02-26,RU-PRI,0.6
2020-02-27,RU-PRI,0.6
2020-02-28,RU-PRI,0.6
2020-02-29,RU-PRI,2.3
2020-03-01,RU-PRI,2.7
2020-03-02,RU-PRI,0.7
2020-03-03,RU-PRI,0.5
2020-03-04,RU-PRI,1.1
2020-03-05,RU-PRI,0.7
2020-03-06,RU-PRI,0.5
2020-03-07,RU-PRI,2.0
2020-03-08,RU-PRI,2.5
2020-03-09,RU-PRI,2.6
2020-03-10,RU-PRI,0.9
2020-03-11,RU-PRI,0.7
2020-03-12,RU-PRI,0.5
2020-03-13,RU-PRI,0.5
2020-03-14,RU-PRI,1.9
2020-03-15,RU-PRI,2.9
2020-03-16,RU-PRI,0.5
2020-03-17,RU-PRI,0.5
2020-03-18,RU-PRI,0.5
2020-03-19,RU-PRI,0.8
2020-03-20,RU-PRI,0.8
2020-03-21,RU-PRI,1.9
2020-03-22,RU-PRI,2.6
2020-03-23,RU-PRI,0.8
2020-03-24,RU-PRI,0.7
2020-03-25,RU-PRI,0.8
2020-03-26,RU-PRI,0.9
2020-03-27,RU-PRI,1.0
2020-03-28,RU-PRI,2.5
2020-03-29,RU-PRI,3.1
2020-03-30,RU-PRI,2.1
2020-03-31,RU-PRI,2.3
2020-04-01,RU-PRI,2.5
2020-04-02,RU-PRI,2.5
2020-04-03,RU-PRI,2.4
2020-04-04,RU-PRI,3.4
2020-04-05,RU-PRI,3.8
2020-04-06,RU-PRI,2.1
2020-04-07,RU-PRI,2.3
2020-04-08,RU-PRI,2.4
2020-04-09,RU-PRI,2.2
2020-04-10,RU-PRI,2.0
2020-04-11,RU-PRI,2.8
2020-04-12,RU-PRI,3.2
2020-04-13,RU-PRI,1.9
2020-04-14,RU-PRI,1.9
2020-04-15,RU-PRI,1.8
2020-04-16,RU-PRI,1.9
2020-04-17,RU-PRI,1.9
2020-04-18,RU-PRI,2.8
2020-04-19,RU-PRI,3.3
2020-02-23,RU-KHA,2.6
2020-02-24,RU-KHA,2.7
2020-02-25,RU-KHA,0.7
2020-02-26,RU-KHA,0.8
2020-02-27,RU-KHA,0.6
2020-02-28,RU-KHA,0.6
2020-02-29,RU-KHA,2.0
2020-03-01,RU-KHA,2.7
2020-03-02,RU-KHA,0.6
2020-03-03,RU-KHA,0.5
2020-03-04,RU-KHA,0.5
2020-03-05,RU-KHA,0.5
2020-03-06,RU-KHA,0.5
2020-03-07,RU-KHA,1.9
2020-03-08,RU-KHA,2.6
2020-03-09,RU-KHA,2.8
2020-03-10,RU-KHA,0.6
2020-03-11,RU-KHA,0.6
2020-03-12,RU-KHA,0.6
2020-03-13,RU-KHA,0.6
2020-03-14,RU-KHA,2.0
2020-03-15,RU-KHA,2.7
2020-03-16,RU-KHA,0.6
2020-03-17,RU-KHA,0.6
2020-03-18,RU-KHA,0.6
2020-03-19,RU-KHA,0.7
2020-03-20,RU-KHA,0.7
2020-03-21,RU-KHA,2.1
2020-03-22,RU-KHA,2.7
2020-03-23,RU-KHA,0.9
2020-03-24,RU-KHA,0.9
2020-03-25,RU-KHA,0.9
2020-03-26,RU-KHA,1.0
2020-03-27,RU-KHA,1.1
2020-03-28,RU-KHA,2.7
2020-03-29,RU-KHA,3.2
2020-03-30,RU-KHA,2.1
2020-03-31,RU-KHA,2.4
2020-04-01,RU-KHA,2.5
2020-04-02,RU-KHA,2.6
2020-04-03,RU-KHA,2.6
2020-04-04,RU-KHA,3.6
2020-04-05,RU-KHA,3.8
2020-04-06,RU-KHA,2.3
2020-04-07,RU-KHA,2.4
2020-04-08,RU-KHA,2.4
2020-04-09,RU-KHA,2.2
2020-04-10,RU-KHA,2.1
2020-04-11,RU-KHA,2.9
2020-04-12,RU-KHA,3.2
2020-04-13,RU-KHA,1.9
2020-04-14,RU-KHA,2.1
2020-04-15,RU-KHA,1.9
2020-04-16,RU-KHA,1.9
2020-04-17,RU-KHA,1.9
2020-04-18,RU-KHA,2.7
2020-04-19,RU-KHA,3.2
2020-02-23,RU-AMU,2.5
2020-02-24,RU-AMU,2.6
2020-02-25,RU-AMU,0.5
2020-02-26,RU-AMU,0.6
2020-02-27,RU-AMU,0.5
2020-02-28,RU-AMU,0.4
2020-02-29,RU-AMU,1.9
2020-03-01,RU-AMU,2.4
2020-03-02,RU-AMU,0.5
2020-03-03,RU-AMU,0.4
2020-03-04,RU-AMU,0.4
2020-03-05,RU-AMU,0.4
2020-03-06,RU-AMU,0.4
2020-03-07,RU-AMU,1.8
2020-03-08,RU-AMU,2.4
2020-03-09,RU-AMU,2.5
2020-03-10,RU-AMU,0.5
2020-03-11,RU-AMU,0.5
2020-03-12,RU-AMU,0.6
2020-03-13,RU-AMU,0.6
2020-03-14,RU-AMU,1.9
2020-03-15,RU-AMU,2.6
2020-03-16,RU-AMU,0.5
2020-03-17,RU-AMU,0.5
2020-03-18,RU-AMU,0.5
2020-03-19,RU-AMU,0.5
2020-03-20,RU-AMU,0.5
2020-03-21,RU-AMU,1.9
2020-03-22,RU-AMU,2.6
2020-03-23,RU-AMU,0.8
2020-03-24,RU-AMU,0.7
2020-03-25,RU-AMU,0.8
2020-03-26,RU-AMU,0.9
2020-03-27,RU-AMU,0.9
2020-03-28,RU-AMU,2.6
2020-03-29,RU-AMU,3.2
2020-03-30,RU-AMU,2.2
2020-03-31,RU-AMU,2.4
2020-04-01,RU-AMU,2.5
2020-04-02,RU-AMU,2.7
2020-04-03,RU-AMU,2.5
2020-04-04,RU-AMU,3.3
2020-04-05,RU-AMU,3.5
2020-04-06,RU-AMU,2.1
2020-04-07,RU-AMU,2.2
2020-04-08,RU-AMU,2.1
2020-04-09,RU-AMU,2.0
2020-04-10,RU-AMU,1.8
2020-04-11,RU-AMU,2.6
2020-04-12,RU-AMU,3.0
2020-04-13,RU-AMU,1.4
2020-04-14,RU-AMU,1.4
2020-04-15,RU-AMU,1.3
2020-04-16,RU-AMU,1.3
2020-04-17,RU-AMU,1.3
2020-04-18,RU-AMU,2.4
2020-04-19,RU-AMU,3.2
2020-02-23,RU-KAM,2.9
2020-02-24,RU-KAM,3.2
2020-02-25,RU-KAM,0.8
2020-02-26,RU-KAM,0.8
2020-02-27,RU-KAM,0.7
2020-02-28,RU-KAM,0.9
2020-02-29,RU-KAM,2.4
2020-03-01,RU-KAM,3.1
2020-03-02,RU-KAM,0.7
2020-03-03,RU-KAM,0.6
2020-03-04,RU-KAM,0.6
2020-03-05,RU-KAM,0.6
2020-03-06,RU-KAM,0.7
2020-03-07,RU-KAM,2.3
2020-03-08,RU-KAM,2.8
2020-03-09,RU-KAM,3.0
2020-03-10,RU-KAM,0.8
2020-03-11,RU-KAM,0.9
2020-03-12,RU-KAM,1.3
2020-03-13,RU-KAM,0.9
2020-03-14,RU-KAM,3.0
2020-03-15,RU-KAM,2.9
2020-03-16,RU-KAM,2.2
2020-03-17,RU-KAM,0.9
2020-03-18,RU-KAM,0.9
2020-03-19,RU-KAM,1.0
2020-03-20,RU-KAM,1.1
2020-03-21,RU-KAM,3.2
2020-03-22,RU-KAM,3.3
2020-03-23,RU-KAM,1.1
2020-03-24,RU-KAM,1.4
2020-03-25,RU-KAM,1.2
2020-03-26,RU-KAM,1.3
2020-03-27,RU-KAM,1.3
2020-03-28,RU-KAM,3.0
2020-03-29,RU-KAM,3.6
2020-03-30,RU-KAM,2.3
2020-03-31,RU-KAM,2.4
2020-04-01,RU-KAM,2.5
2020-04-02,RU-KAM,2.7
2020-04-03,RU-KAM,2.9
2020-04-04,RU-KAM,3.5
2020-04-05,RU-KAM,3.9
2020-04-06,RU-KAM,2.4
2020-04-07,RU-KAM,2.5
2020-04-08,RU-KAM,2.6
2020-04-09,RU-KAM,2.5
2020-04-10,RU-KAM,2.5
2020-04-11,RU-KAM,3.3
2020-04-12,RU-KAM,3.8
2020-04-13,RU-KAM,2.3
2020-04-14,RU-KAM,2.3
2020-04-15,RU-KAM,2.3
2020-04-16,RU-KAM,2.3
2020-04-17,RU-KAM,2.4
2020-04-18,RU-KAM,3.2
2020-04-19,RU-KAM,3.7
2020-02-23,RU-MAG,3.1
2020-02-24,RU-MAG,2.9
2020-02-25,RU-MAG,0.6
2020-02-26,RU-MAG,0.6
2020-02-27,RU-MAG,0.6
2020-02-28,RU-MAG,0.6
2020-02-29,RU-MAG,2.3
2020-03-01,RU-MAG,3.0
2020-03-02,RU-MAG,0.6
2020-03-03,RU-MAG,0.5
2020-03-04,RU-MAG,0.5
2020-03-05,RU-MAG,0.4
2020-03-06,RU-MAG,0.6
2020-03-07,RU-MAG,2.3
2020-03-08,RU-MAG,3.0
2020-03-09,RU-MAG,3.1
2020-03-10,RU-MAG,0.6
2020-03-11,RU-MAG,0.6
2020-03-12,RU-MAG,0.7
2020-03-13,RU-MAG,0.6
2020-03-14,RU-MAG,2.4
2020-03-15,RU-MAG,3.2
2020-03-16,RU-MAG,0.7
2020-03-17,RU-MAG,0.8
2020-03-18,RU-MAG,0.8
2020-03-19,RU-MAG,0.8
2020-03-20,RU-MAG,0.9
2020-03-21,RU-MAG,2.4
2020-03-22,RU-MAG,3.3
2020-03-23,RU-MAG,0.9
2020-03-24,RU-MAG,0.9
2020-03-25,RU-MAG,0.8
2020-03-26,RU-MAG,0.7
2020-03-27,RU-MAG,0.9
2020-03-28,RU-MAG,2.9
2020-03-29,RU-MAG,3.7
2020-03-30,RU-MAG,2.2
2020-03-31,RU-MAG,2.2
2020-04-01,RU-MAG,2.5
2020-04-02,RU-MAG,2.6
2020-04-03,RU-MAG,2.5
2020-04-04,RU-MAG,3.3
2020-04-05,RU-MAG,3.8
2020-04-06,RU-MAG,2.0
2020-04-07,RU-MAG,2.0
2020-04-08,RU-MAG,1.9
2020-04-09,RU-MAG,2.0
2020-04-10,RU-MAG,1.9
2020-04-11,RU-MAG,3.0
2020-04-12,RU-MAG,3.6
2020-04-13,RU-MAG,1.9
2020-04-14,RU-MAG,1.9
2020-04-15,RU-MAG,1.8
2020-04-16,RU-MAG,1.8
2020-04-17,RU-MAG,1.8
2020-04-18,RU-MAG,3.1
2020-04-19,RU-MAG,3.6
2020-02-23,RU-SAK,3.1
2020-02-24,RU-SAK,2.5
2020-02-25,RU-SAK,0.4
2020-02-26,RU-SAK,0.4
2020-02-27,RU-SAK,0.4
2020-02-28,RU-SAK,0.3
2020-02-29,RU-SAK,1.9
2020-03-01,RU-SAK,2.5
2020-03-02,RU-SAK,0.4
2020-03-03,RU-SAK,0.5
2020-03-04,RU-SAK,0.3
2020-03-05,RU-SAK,0.3
2020-03-06,RU-SAK,0.4
2020-03-07,RU-SAK,1.8
2020-03-08,RU-SAK,2.6
2020-03-09,RU-SAK,2.7
2020-03-10,RU-SAK,0.4
2020-03-11,RU-SAK,2.2
2020-03-12,RU-SAK,0.3
2020-03-13,RU-SAK,0.4
2020-03-14,RU-SAK,1.9
2020-03-15,RU-SAK,2.6
2020-03-16,RU-SAK,0.3
2020-03-17,RU-SAK,0.3
2020-03-18,RU-SAK,0.6
2020-03-19,RU-SAK,0.7
2020-03-20,RU-SAK,0.7
2020-03-21,RU-SAK,2.6
2020-03-22,RU-SAK,2.7
2020-03-23,RU-SAK,0.8
2020-03-24,RU-SAK,0.8
2020-03-25,RU-SAK,0.8
2020-03-26,RU-SAK,0.9
2020-03-27,RU-SAK,0.9
2020-03-28,RU-SAK,2.6
2020-03-29,RU-SAK,3.2
2020-03-30,RU-SAK,2.3
2020-03-31,RU-SAK,2.6
2020-04-01,RU-SAK,2.8
2020-04-02,RU-SAK,2.8
2020-04-03,RU-SAK,2.7
2020-04-04,RU-SAK,3.4
2020-04-05,RU-SAK,4.0
2020-04-06,RU-SAK,2.3
2020-04-07,RU-SAK,2.3
2020-04-08,RU-SAK,2.3
2020-04-09,RU-SAK,2.2
2020-04-10,RU-SAK,2.0
2020-04-11,RU-SAK,3.0
2020-04-12,RU-SAK,3.3
2020-04-13,RU-SAK,1.8
2020-04-14,RU-SAK,1.8
2020-04-15,RU-SAK,1.9
2020-04-16,RU-SAK,1.8
2020-04-17,RU-SAK,1.7
2020-04-18,RU-SAK,2.7
2020-04-19,RU-SAK,3.3
2020-02-23,UA-43,2.8
2020-02-24,UA-43,3.0
2020-02-25,UA-43,0.7
2020-02-26,UA-43,0.7
2020-02-27,UA-43,0.8
2020-02-28,UA-43,0.8
2020-02-29,UA-43,2.3
2020-03-01,UA-43,2.8
2020-03-02,UA-43,0.7
2020-03-03,UA-43,0.6
2020-03-04,UA-43,0.5
2020-03-05,UA-43,0.5
2020-03-06,UA-43,0.6
2020-03-07,UA-43,1.9
2020-03-08,UA-43,2.6
2020-03-09,UA-43,2.6
2020-03-10,UA-43,0.6
2020-03-11,UA-43,0.7
2020-03-12,UA-43,0.6
2020-03-13,UA-43,0.6
2020-03-14,UA-43,2.1
2020-03-15,UA-43,3.0
2020-03-16,UA-43,0.8
2020-03-17,UA-43,0.8
2020-03-18,UA-43,2.3
2020-03-19,UA-43,0.9
2020-03-20,UA-43,0.9
2020-03-21,UA-43,2.3
2020-03-22,UA-43,3.0
2020-03-23,UA-43,1.3
2020-03-24,UA-43,1.5
2020-03-25,UA-43,1.4
2020-03-26,UA-43,1.4
2020-03-27,UA-43,1.4
2020-03-28,UA-43,3.1
2020-03-29,UA-43,3.9
2020-03-30,UA-43,3.1
2020-03-31,UA-43,3.2
2020-04-01,UA-43,3.3
2020-04-02,UA-43,3.5
2020-04-03,UA-43,3.7
2020-04-04,UA-43,4.2
2020-04-05,UA-43,4.4
2020-04-06,UA-43,3.3
2020-04-07,UA-43,3.1
2020-04-08,UA-43,3.0
2020-04-09,UA-43,2.9
2020-04-10,UA-43,2.8
2020-04-11,UA-43,3.7
2020-04-12,UA-43,4.0
2020-04-13,UA-43,2.8
2020-04-14,UA-43,2.7
2020-04-15,UA-43,3.1
2020-04-16,UA-43,3.0
2020-04-17,UA-43,2.9
2020-04-18,UA-43,3.8
2020-04-19,UA-43,4.1
2020-02-23,RU-BA,2.7
2020-02-24,RU-BA,2.9
2020-02-25,RU-BA,0.6
2020-02-26,RU-BA,0.7
2020-02-27,RU-BA,0.7
2020-02-28,RU-BA,0.6
2020-02-29,RU-BA,2.2
2020-03-01,RU-BA,2.8
2020-03-02,RU-BA,0.6
2020-03-03,RU-BA,0.6
2020-03-04,RU-BA,0.6
2020-03-05,RU-BA,0.5
2020-03-06,RU-BA,0.6
2020-03-07,RU-BA,2.2
2020-03-08,RU-BA,2.7
2020-03-09,RU-BA,2.9
2020-03-10,RU-BA,0.7
2020-03-11,RU-BA,0.6
2020-03-12,RU-BA,0.6
2020-03-13,RU-BA,0.6
2020-03-14,RU-BA,2.1
2020-03-15,RU-BA,2.9
2020-03-16,RU-BA,0.7
2020-03-17,RU-BA,0.7
2020-03-18,RU-BA,0.8
2020-03-19,RU-BA,0.8
2020-03-20,RU-BA,0.9
2020-03-21,RU-BA,2.4
2020-03-22,RU-BA,3.0
2020-03-23,RU-BA,1.1
2020-03-24,RU-BA,1.2
2020-03-25,RU-BA,1.2
2020-03-26,RU-BA,1.2
2020-03-27,RU-BA,1.2
2020-03-28,RU-BA,2.9
2020-03-29,RU-BA,3.5
2020-03-30,RU-BA,2.8
2020-03-31,RU-BA,2.9
2020-04-01,RU-BA,3.5
2020-04-02,RU-BA,3.6
2020-04-03,RU-BA,3.5
2020-04-04,RU-BA,4.0
2020-04-05,RU-BA,4.1
2020-04-06,RU-BA,3.0
2020-04-07,RU-BA,3.0
2020-04-08,RU-BA,2.9
2020-04-09,RU-BA,2.8
2020-04-10,RU-BA,2.7
2020-04-11,RU-BA,3.4
2020-04-12,RU-BA,3.7
2020-04-13,RU-BA,2.6
2020-04-14,RU-BA,2.7
2020-04-15,RU-BA,2.5
2020-04-16,RU-BA,2.7
2020-04-17,RU-BA,2.5
2020-04-18,RU-BA,3.3
2020-04-19,RU-BA,3.6
2020-02-23,RU-BRY,2.8
2020-02-24,RU-BRY,2.8
2020-02-25,RU-BRY,0.8
2020-02-26,RU-BRY,0.9
2020-02-27,RU-BRY,0.9
2020-02-28,RU-BRY,0.8
2020-02-29,RU-BRY,2.2
2020-03-01,RU-BRY,2.6
2020-03-02,RU-BRY,0.9
2020-03-03,RU-BRY,0.8
2020-03-04,RU-BRY,0.7
2020-03-05,RU-BRY,0.6
2020-03-06,RU-BRY,0.7
2020-03-07,RU-BRY,1.9
2020-03-08,RU-BRY,2.6
2020-03-09,RU-BRY,2.7
2020-03-10,RU-BRY,0.7
2020-03-11,RU-BRY,0.7
2020-03-12,RU-BRY,0.7
2020-03-13,RU-BRY,0.7
2020-03-14,RU-BRY,2.2
2020-03-15,RU-BRY,3.0
2020-03-16,RU-BRY,0.8
2020-03-17,RU-BRY,0.8
2020-03-18,RU-BRY,0.8
2020-03-19,RU-BRY,0.9
2020-03-20,RU-BRY,1.1
2020-03-21,RU-BRY,2.4
2020-03-22,RU-BRY,2.9
2020-03-23,RU-BRY,1.3
2020-03-24,RU-BRY,1.2
2020-03-25,RU-BRY,1.2
2020-03-26,RU-BRY,1.2
2020-03-27,RU-BRY,1.2
2020-03-28,RU-BRY,2.7
2020-03-29,RU-BRY,3.3
2020-03-30,RU-BRY,2.8
2020-03-31,RU-BRY,3.3
2020-04-01,RU-BRY,3.6
2020-04-02,RU-BRY,3.7
2020-04-03,RU-BRY,3.5
2020-04-04,RU-BRY,3.9
2020-04-05,RU-BRY,4.1
2020-04-06,RU-BRY,3.2
2020-04-07,RU-BRY,3.2
2020-04-08,RU-BRY,3.1
2020-04-09,RU-BRY,3.0
2020-04-10,RU-BRY,3.0
2020-04-11,RU-BRY,3.6
2020-04-12,RU-BRY,3.9
2020-04-13,RU-BRY,2.8
2020-04-14,RU-BRY,2.9
2020-04-15,RU-BRY,2.8
2020-04-16,RU-BRY,2.9
2020-04-17,RU-BRY,2.8
2020-04-18,RU-BRY,3.6
2020-04-19,RU-BRY,4.0
2020-02-23,RU-VLA,2.7
2020-02-24,RU-VLA,2.7
2020-02-25,RU-VLA,0.5
2020-02-26,RU-VLA,0.5
2020-02-27,RU-VLA,0.6
2020-02-28,RU-VLA,0.5
2020-02-29,RU-VLA,2.2
2020-03-01,RU-VLA,2.6
2020-03-02,RU-VLA,0.6
2020-03-03,RU-VLA,0.5
2020-03-04,RU-VLA,0.4
2020-03-05,RU-VLA,0.4
2020-03-06,RU-VLA,0.5
2020-03-07,RU-VLA,1.9
2020-03-08,RU-VLA,2.5
2020-03-09,RU-VLA,2.4
2020-03-10,RU-VLA,0.5
2020-03-11,RU-VLA,0.4
2020-03-12,RU-VLA,0.5
2020-03-13,RU-VLA,0.5
2020-03-14,RU-VLA,2.1
2020-03-15,RU-VLA,2.9
2020-03-16,RU-VLA,0.6
2020-03-17,RU-VLA,0.6
2020-03-18,RU-VLA,0.6
2020-03-19,RU-VLA,0.7
2020-03-20,RU-VLA,0.7
2020-03-21,RU-VLA,2.3
2020-03-22,RU-VLA,2.9
2020-03-23,RU-VLA,0.9
2020-03-24,RU-VLA,0.9
2020-03-25,RU-VLA,0.8
2020-03-26,RU-VLA,0.8
2020-03-27,RU-VLA,0.8
2020-03-28,RU-VLA,2.5
2020-03-29,RU-VLA,3.2
2020-03-30,RU-VLA,2.7
2020-03-31,RU-VLA,3.1
2020-04-01,RU-VLA,3.5
2020-04-02,RU-VLA,3.5
2020-04-03,RU-VLA,3.4
2020-04-04,RU-VLA,3.8
2020-04-05,RU-VLA,4.0
2020-04-06,RU-VLA,3.0
2020-04-07,RU-VLA,2.8
2020-04-08,RU-VLA,2.6
2020-04-09,RU-VLA,2.5
2020-04-10,RU-VLA,2.6
2020-04-11,RU-VLA,3.4
2020-04-12,RU-VLA,3.8
2020-04-13,RU-VLA,2.5
2020-04-14,RU-VLA,2.5
2020-04-15,RU-VLA,2.6
2020-04-16,RU-VLA,2.5
2020-04-17,RU-VLA,2.5
2020-04-18,RU-VLA,3.4
2020-04-19,RU-VLA,3.8
2020-02-23,RU-VOR,2.9
2020-02-24,RU-VOR,3.0
2020-02-25,RU-VOR,0.8
2020-02-26,RU-VOR,0.8
2020-02-27,RU-VOR,0.7
2020-02-28,RU-VOR,0.9
2020-02-29,RU-VOR,2.2
2020-03-01,RU-VOR,2.7
2020-03-02,RU-VOR,0.8
2020-03-03,RU-VOR,0.7
2020-03-04,RU-VOR,0.6
2020-03-05,RU-VOR,0.5
2020-03-06,RU-VOR,0.7
2020-03-07,RU-VOR,2.1
2020-03-08,RU-VOR,2.4
2020-03-09,RU-VOR,2.7
2020-03-10,RU-VOR,0.5
2020-03-11,RU-VOR,0.6
2020-03-12,RU-VOR,0.7
2020-03-13,RU-VOR,0.7
2020-03-14,RU-VOR,2.2
2020-03-15,RU-VOR,3.0
2020-03-16,RU-VOR,0.8
2020-03-17,RU-VOR,1.0
2020-03-18,RU-VOR,1.0
2020-03-19,RU-VOR,1.0
2020-03-20,RU-VOR,1.1
2020-03-21,RU-VOR,2.5
2020-03-22,RU-VOR,3.3
2020-03-23,RU-VOR,1.4
2020-03-24,RU-VOR,1.2
2020-03-25,RU-VOR,1.2
2020-03-26,RU-VOR,1.2
2020-03-27,RU-VOR,1.2
2020-03-28,RU-VOR,2.8
2020-03-29,RU-VOR,3.3
2020-03-30,RU-VOR,2.8
2020-03-31,RU-VOR,3.0
2020-04-01,RU-VOR,3.5
2020-04-02,RU-VOR,3.4
2020-04-03,RU-VOR,3.3
2020-04-04,RU-VOR,3.7
2020-04-05,RU-VOR,4.0
2020-04-06,RU-VOR,3.0
2020-04-07,RU-VOR,2.8
2020-04-08,RU-VOR,2.8
2020-04-09,RU-VOR,2.6
2020-04-10,RU-VOR,2.6
2020-04-11,RU-VOR,3.4
2020-04-12,RU-VOR,3.8
2020-04-13,RU-VOR,2.5
2020-04-14,RU-VOR,2.5
2020-04-15,RU-VOR,2.6
2020-04-16,RU-VOR,2.6
2020-04-17,RU-VOR,2.6
2020-04-18,RU-VOR,3.4
2020-04-19,RU-VOR,3.8
2020-02-23,RU-SAR,2.8
2020-02-24,RU-SAR,3.0
2020-02-25,RU-SAR,0.9
2020-02-26,RU-SAR,0.8
2020-02-27,RU-SAR,0.8
2020-02-28,RU-SAR,0.8
2020-02-29,RU-SAR,2.2
2020-03-01,RU-SAR,2.7
2020-03-02,RU-SAR,0.8
2020-03-03,RU-SAR,0.7
2020-03-04,RU-SAR,0.7
2020-03-05,RU-SAR,0.7
2020-03-06,RU-SAR,0.8
2020-03-07,RU-SAR,2.2
2020-03-08,RU-SAR,2.6
2020-03-09,RU-SAR,2.7
2020-03-10,RU-SAR,0.7
2020-03-11,RU-SAR,0.7
2020-03-12,RU-SAR,0.8
2020-03-13,RU-SAR,0.8
2020-03-14,RU-SAR,2.4
2020-03-15,RU-SAR,3.0
2020-03-16,RU-SAR,1.0
2020-03-17,RU-SAR,0.9
2020-03-18,RU-SAR,1.1
2020-03-19,RU-SAR,1.1
2020-03-20,RU-SAR,1.3
2020-03-21,RU-SAR,2.5
2020-03-22,RU-SAR,3.4
2020-03-23,RU-SAR,1.7
2020-03-24,RU-SAR,1.5
2020-03-25,RU-SAR,1.5
2020-03-26,RU-SAR,1.4
2020-03-27,RU-SAR,1.4
2020-03-28,RU-SAR,3.1
2020-03-29,RU-SAR,3.5
2020-03-30,RU-SAR,2.8
2020-03-31,RU-SAR,3.1
2020-04-01,RU-SAR,3.3
2020-04-02,RU-SAR,3.5
2020-04-03,RU-SAR,3.2
2020-04-04,RU-SAR,3.7
2020-04-05,RU-SAR,3.9
2020-04-06,RU-SAR,3.1
2020-04-07,RU-SAR,3.0
2020-04-08,RU-SAR,2.8
2020-04-09,RU-SAR,2.7
2020-04-10,RU-SAR,2.7
2020-04-11,RU-SAR,3.4
2020-04-12,RU-SAR,4.2
2020-04-13,RU-SAR,2.8
2020-04-14,RU-SAR,2.6
2020-04-15,RU-SAR,2.6
2020-04-16,RU-SAR,2.7
2020-04-17,RU-SAR,2.7
2020-04-18,RU-SAR,3.3
2020-04-19,RU-SAR,3.5
2020-02-23,RU-ULY,2.8
2020-02-24,RU-ULY,2.9
2020-02-25,RU-ULY,0.9
2020-02-26,RU-ULY,0.8
2020-02-27,RU-ULY,0.9
2020-02-28,RU-ULY,0.8
2020-02-29,RU-ULY,2.4
2020-03-01,RU-ULY,2.8
2020-03-02,RU-ULY,1.0
2020-03-03,RU-ULY,0.8
2020-03-04,RU-ULY,0.8
2020-03-05,RU-ULY,0.7
2020-03-06,RU-ULY,0.8
2020-03-07,RU-ULY,2.2
2020-03-08,RU-ULY,2.6
2020-03-09,RU-ULY,3.0
2020-03-10,RU-ULY,0.8
2020-03-11,RU-ULY,0.8
2020-03-12,RU-ULY,0.8
2020-03-13,RU-ULY,0.8
2020-03-14,RU-ULY,2.2
2020-03-15,RU-ULY,2.9
2020-03-16,RU-ULY,1.0
2020-03-17,RU-ULY,1.2
2020-03-18,RU-ULY,1.2
2020-03-19,RU-ULY,1.3
2020-03-20,RU-ULY,1.3
2020-03-21,RU-ULY,2.6
2020-03-22,RU-ULY,3.1
2020-03-23,RU-ULY,1.5
2020-03-24,RU-ULY,1.4
2020-03-25,RU-ULY,1.3
2020-03-26,RU-ULY,1.3
2020-03-27,RU-ULY,1.2
2020-03-28,RU-ULY,2.7
2020-03-29,RU-ULY,3.1
2020-03-30,RU-ULY,2.8
2020-03-31,RU-ULY,3.1
2020-04-01,RU-ULY,3.4
2020-04-02,RU-ULY,3.4
2020-04-03,RU-ULY,3.2
2020-04-04,RU-ULY,3.5
2020-04-05,RU-ULY,3.8
2020-04-06,RU-ULY,3.0
2020-04-07,RU-ULY,2.9
2020-04-08,RU-ULY,2.8
2020-04-09,RU-ULY,2.7
2020-04-10,RU-ULY,2.6
2020-04-11,RU-ULY,3.3
2020-04-12,RU-ULY,3.7
2020-04-13,RU-ULY,2.8
2020-04-14,RU-ULY,2.6
2020-04-15,RU-ULY,2.5
2020-04-16,RU-ULY,2.6
2020-04-17,RU-ULY,2.6
2020-04-18,RU-ULY,3.4
2020-04-19,RU-ULY,3.5
2020-02-23,RU-ALT,2.6
2020-02-24,RU-ALT,2.7
2020-02-25,RU-ALT,0.7
2020-02-26,RU-ALT,0.7
2020-02-27,RU-ALT,0.7
2020-02-28,RU-ALT,0.8
2020-02-29,RU-ALT,2.2
2020-03-01,RU-ALT,2.7
2020-03-02,RU-ALT,0.7
2020-03-03,RU-ALT,0.6
2020-03-04,RU-ALT,0.7
2020-03-05,RU-ALT,0.6
2020-03-06,RU-ALT,0.6
2020-03-07,RU-ALT,2.2
2020-03-08,RU-ALT,2.8
2020-03-09,RU-ALT,3.0
2020-03-10,RU-ALT,0.8
2020-03-11,RU-ALT,0.7
2020-03-12,RU-ALT,0.7
2020-03-13,RU-ALT,0.6
2020-03-14,RU-ALT,2.1
2020-03-15,RU-ALT,2.9
2020-03-16,RU-ALT,0.7
2020-03-17,RU-ALT,0.7
2020-03-18,RU-ALT,0.7
2020-03-19,RU-ALT,0.8
2020-03-20,RU-ALT,0.9
2020-03-21,RU-ALT,2.3
2020-03-22,RU-ALT,3.0
2020-03-23,RU-ALT,1.0
2020-03-24,RU-ALT,1.0
2020-03-25,RU-ALT,1.0
2020-03-26,RU-ALT,1.0
2020-03-27,RU-ALT,1.1
2020-03-28,RU-ALT,2.8
2020-03-29,RU-ALT,3.3
2020-03-30,RU-ALT,2.3
2020-03-31,RU-ALT,2.7
2020-04-01,RU-ALT,3.1
2020-04-02,RU-ALT,3.3
2020-04-03,RU-ALT,3.2
2020-04-04,RU-ALT,3.7
2020-04-05,RU-ALT,3.9
2020-04-06,RU-ALT,2.7
2020-04-07,RU-ALT,2.6
2020-04-08,RU-ALT,2.6
2020-04-09,RU-ALT,2.5
2020-04-10,RU-ALT,2.4
2020-04-11,RU-ALT,3.1
2020-04-12,RU-ALT,3.4
2020-04-13,RU-ALT,2.3
2020-04-14,RU-ALT,2.2
2020-04-15,RU-ALT,2.2
2020-04-16,RU-ALT,2.2
2020-04-17,RU-ALT,2.1
2020-04-18,RU-ALT,3.0
2020-04-19,RU-ALT,3.3
2020-02-23,RU-BU,2.6
2020-02-24,RU-BU,2.6
2020-02-25,RU-BU,2.3
2020-02-26,RU-BU,1.1
2020-02-27,RU-BU,0.8
2020-02-28,RU-BU,0.7
2020-02-29,RU-BU,2.1
2020-03-01,RU-BU,2.7
2020-03-02,RU-BU,0.8
2020-03-03,RU-BU,0.7
2020-03-04,RU-BU,0.7
2020-03-05,RU-BU,0.7
2020-03-06,RU-BU,0.7
2020-03-07,RU-BU,2.0
2020-03-08,RU-BU,2.5
2020-03-09,RU-BU,2.7
2020-03-10,RU-BU,0.8
2020-03-11,RU-BU,0.7
2020-03-12,RU-BU,0.7
2020-03-13,RU-BU,0.7
2020-03-14,RU-BU,2.0
2020-03-15,RU-BU,2.6
2020-03-16,RU-BU,0.7
2020-03-17,RU-BU,0.7
2020-03-18,RU-BU,0.7
2020-03-19,RU-BU,0.8
2020-03-20,RU-BU,0.8
2020-03-21,RU-BU,2.1
2020-03-22,RU-BU,2.6
2020-03-23,RU-BU,1.0
2020-03-24,RU-BU,1.1
2020-03-25,RU-BU,1.4
2020-03-26,RU-BU,1.4
2020-03-27,RU-BU,1.5
2020-03-28,RU-BU,2.8
2020-03-29,RU-BU,3.8
2020-03-30,RU-BU,3.3
2020-03-31,RU-BU,3.5
2020-04-01,RU-BU,3.7
2020-04-02,RU-BU,3.8
2020-04-03,RU-BU,3.7
2020-04-04,RU-BU,4.0
2020-04-05,RU-BU,4.2
2020-04-06,RU-BU,3.2
2020-04-07,RU-BU,3.2
2020-04-08,RU-BU,3.1
2020-04-09,RU-BU,3.1
2020-04-10,RU-BU,2.9
2020-04-11,RU-BU,3.4
2020-04-12,RU-BU,3.8
2020-04-13,RU-BU,2.9
2020-04-14,RU-BU,3.0
2020-04-15,RU-BU,2.9
2020-04-16,RU-BU,2.8
2020-04-17,RU-BU,2.7
2020-04-18,RU-BU,3.4
2020-04-19,RU-BU,3.8
2020-02-23,RU-MOW,2.5
2020-02-24,RU-MOW,2.5
2020-02-25,RU-MOW,0.3
2020-02-26,RU-MOW,0.3
2020-02-27,RU-MOW,0.3
2020-02-28,RU-MOW,0.3
2020-02-29,RU-MOW,1.9
2020-03-01,RU-MOW,2.5
2020-03-02,RU-MOW,0.4
2020-03-03,RU-MOW,0.3
2020-03-04,RU-MOW,0.3
2020-03-05,RU-MOW,0.3
2020-03-06,RU-MOW,0.3
2020-03-07,RU-MOW,1.8
2020-03-08,RU-MOW,2.4
2020-03-09,RU-MOW,2.3
2020-03-10,RU-MOW,0.4
2020-03-11,RU-MOW,0.3
2020-03-12,RU-MOW,0.3
2020-03-13,RU-MOW,0.4
2020-03-14,RU-MOW,1.9
2020-03-15,RU-MOW,2.7
2020-03-16,RU-MOW,0.6
2020-03-17,RU-MOW,0.6
2020-03-18,RU-MOW,0.8
2020-03-19,RU-MOW,0.9
2020-03-20,RU-MOW,1.0
2020-03-21,RU-MOW,2.4
2020-03-22,RU-MOW,2.9
2020-03-23,RU-MOW,1.3
2020-03-24,RU-MOW,1.3
2020-03-25,RU-MOW,1.2
2020-03-26,RU-MOW,1.3
2020-03-27,RU-MOW,1.3
2020-03-28,RU-MOW,2.9
2020-03-29,RU-MOW,3.5
2020-03-30,RU-MOW,3.2
2020-03-31,RU-MOW,3.4
2020-04-01,RU-MOW,3.4
2020-04-02,RU-MOW,3.4
2020-04-03,RU-MOW,3.4
2020-04-04,RU-MOW,3.8
2020-04-05,RU-MOW,4.0
2020-04-06,RU-MOW,3.1
2020-04-07,RU-MOW,3.1
2020-04-08,RU-MOW,3.0
2020-04-09,RU-MOW,2.9
2020-04-10,RU-MOW,3.0
2020-04-11,RU-MOW,3.5
2020-04-12,RU-MOW,3.7
2020-04-13,RU-MOW,3.2
2020-04-14,RU-MOW,3.2
2020-04-15,RU-MOW,3.4
2020-04-16,RU-MOW,3.4
2020-04-17,RU-MOW,3.4
2020-04-18,RU-MOW,3.9
2020-04-19,RU-MOW,4.1
2020-02-23,UA-40,3.0
2020-02-24,UA-40,3.4
2020-02-25,UA-40,1.6
2020-02-26,UA-40,1.6
2020-02-27,UA-40,1.6
2020-02-28,UA-40,1.7
2020-02-29,UA-40,2.6
2020-03-01,UA-40,3.0
2020-03-02,UA-40,1.7
2020-03-03,UA-40,1.5
2020-03-04,UA-40,1.4
2020-03-05,UA-40,1.4
2020-03-06,UA-40,1.4
2020-03-07,UA-40,2.3
2020-03-08,UA-40,2.6
2020-03-09,UA-40,2.9
2020-03-10,UA-40,1.5
2020-03-11,UA-40,1.5
2020-03-12,UA-40,1.4
2020-03-13,UA-40,1.4
2020-03-14,UA-40,2.5
2020-03-15,UA-40,3.3
2020-03-16,UA-40,1.6
2020-03-17,UA-40,1.5
2020-03-18,UA-40,2.5
2020-03-19,UA-40,1.9
2020-03-20,UA-40,1.8
2020-03-21,UA-40,2.5
2020-03-22,UA-40,3.1
2020-03-23,UA-40,2.1
2020-03-24,UA-40,2.0
2020-03-25,UA-40,1.9
2020-03-26,UA-40,1.9
2020-03-27,UA-40,2.0
2020-03-28,UA-40,3.1
2020-03-29,UA-40,3.7
2020-03-30,UA-40,3.2
2020-03-31,UA-40,3.4
2020-04-01,UA-40,3.6
2020-04-02,UA-40,3.9
2020-04-03,UA-40,3.7
2020-04-04,UA-40,3.9
2020-04-05,UA-40,4.1
2020-04-06,UA-40,3.5
2020-04-07,UA-40,3.4
2020-04-08,UA-40,3.3
2020-04-09,UA-40,3.3
2020-04-10,UA-40,3.2
2020-04-11,UA-40,3.5
2020-04-12,UA-40,3.9
2020-04-13,UA-40,3.2
2020-04-14,UA-40,3.1
2020-04-15,UA-40,3.3
2020-04-16,UA-40,3.2
2020-04-17,UA-40,3.1
2020-04-18,UA-40,3.5
2020-04-19,UA-40,3.8
2020-02-23,RU-AD,2.4
2020-02-24,RU-AD,2.5
2020-02-25,RU-AD,0.6
2020-02-26,RU-AD,0.5
2020-02-27,RU-AD,0.5
2020-02-28,RU-AD,0.6
2020-02-29,RU-AD,1.9
2020-03-01,RU-AD,2.5
2020-03-02,RU-AD,0.5
2020-03-03,RU-AD,0.4
2020-03-04,RU-AD,0.4
2020-03-05,RU-AD,0.4
2020-03-06,RU-AD,0.5
2020-03-07,RU-AD,1.5
2020-03-08,RU-AD,1.9
2020-03-09,RU-AD,2.2
2020-03-10,RU-AD,0.4
2020-03-11,RU-AD,0.5
2020-03-12,RU-AD,0.6
2020-03-13,RU-AD,0.5
2020-03-14,RU-AD,1.8
2020-03-15,RU-AD,2.6
2020-03-16,RU-AD,0.8
2020-03-17,RU-AD,0.7
2020-03-18,RU-AD,0.9
2020-03-19,RU-AD,1.0
2020-03-20,RU-AD,1.1
2020-03-21,RU-AD,2.0
2020-03-22,RU-AD,2.4
2020-03-23,RU-AD,1.0
2020-03-24,RU-AD,1.2
2020-03-25,RU-AD,1.1
2020-03-26,RU-AD,1.3
2020-03-27,RU-AD,1.4
2020-03-28,RU-AD,2.7
2020-03-29,RU-AD,3.4
2020-03-30,RU-AD,3.1
2020-03-31,RU-AD,3.2
2020-04-01,RU-AD,3.4
2020-04-02,RU-AD,3.5
2020-04-03,RU-AD,3.3
2020-04-04,RU-AD,3.9
2020-04-05,RU-AD,4.0
2020-04-06,RU-AD,3.3
2020-04-07,RU-AD,3.2
2020-04-08,RU-AD,3.2
2020-04-09,RU-AD,3.1
2020-04-10,RU-AD,3.1
2020-04-11,RU-AD,3.5
2020-04-12,RU-AD,3.8
2020-04-13,RU-AD,2.8
2020-04-14,RU-AD,2.8
2020-04-15,RU-AD,2.9
2020-04-16,RU-AD,3.1
2020-04-17,RU-AD,2.9
2020-04-18,RU-AD,3.9
2020-04-19,RU-AD,3.9
2020-02-23,RU-KL,2.5
2020-02-24,RU-KL,2.6
2020-02-25,RU-KL,2.6
2020-02-26,RU-KL,0.8
2020-02-27,RU-KL,0.7
2020-02-28,RU-KL,0.8
2020-02-29,RU-KL,1.9
2020-03-01,RU-KL,2.5
2020-03-02,RU-KL,0.8
2020-03-03,RU-KL,0.8
2020-03-04,RU-KL,0.6
2020-03-05,RU-KL,0.6
2020-03-06,RU-KL,0.8
2020-03-07,RU-KL,1.9
2020-03-08,RU-KL,2.2
2020-03-09,RU-KL,2.4
2020-03-10,RU-KL,0.8
2020-03-11,RU-KL,0.7
2020-03-12,RU-KL,0.9
2020-03-13,RU-KL,0.7
2020-03-14,RU-KL,1.9
2020-03-15,RU-KL,2.6
2020-03-16,RU-KL,1.0
2020-03-17,RU-KL,1.3
2020-03-18,RU-KL,1.4
2020-03-19,RU-KL,1.4
2020-03-20,RU-KL,1.4
2020-03-21,RU-KL,2.2
2020-03-22,RU-KL,2.6
2020-03-23,RU-KL,1.4
2020-03-24,RU-KL,1.5
2020-03-25,RU-KL,1.6
2020-03-26,RU-KL,1.5
2020-03-27,RU-KL,1.7
2020-03-28,RU-KL,3.0
2020-03-29,RU-KL,3.8
2020-03-30,RU-KL,3.3
2020-03-31,RU-KL,3.6
2020-04-01,RU-KL,3.6
2020-04-02,RU-KL,3.6
2020-04-03,RU-KL,3.5
2020-04-04,RU-KL,3.7
2020-04-05,RU-KL,3.8
2020-04-06,RU-KL,3.5
2020-04-07,RU-KL,3.3
2020-04-08,RU-KL,3.2
2020-04-09,RU-KL,3.2
2020-04-10,RU-KL,3.1
2020-04-11,RU-KL,3.5
2020-04-12,RU-KL,3.8
2020-04-13,RU-KL,3.1
2020-04-14,RU-KL,3.1
2020-04-15,RU-KL,3.1
2020-04-16,RU-KL,3.2
2020-04-17,RU-KL,3.1
2020-04-18,RU-KL,3.4
2020-04-19,RU-KL,3.6
2020-02-23,RU-KK,2.4
2020-02-24,RU-KK,2.3
2020-02-25,RU-KK,0.5
2020-02-26,RU-KK,0.5
2020-02-27,RU-KK,0.5
2020-02-28,RU-KK,0.5
2020-02-29,RU-KK,1.8
2020-03-01,RU-KK,2.6
2020-03-02,RU-KK,0.5
2020-03-03,RU-KK,0.4
2020-03-04,RU-KK,0.4
2020-03-05,RU-KK,0.3
2020-03-06,RU-KK,0.3
2020-03-07,RU-KK,1.8
2020-03-08,RU-KK,2.5
2020-03-09,RU-KK,2.5
2020-03-10,RU-KK,0.4
2020-03-11,RU-KK,0.4
2020-03-12,RU-KK,0.4
2020-03-13,RU-KK,0.3
2020-03-14,RU-KK,1.6
2020-03-15,RU-KK,2.6
2020-03-16,RU-KK,0.4
2020-03-17,RU-KK,0.3
2020-03-18,RU-KK,0.8
2020-03-19,RU-KK,0.8
2020-03-20,RU-KK,0.9
2020-03-21,RU-KK,2.0
2020-03-22,RU-KK,2.5
2020-03-23,RU-KK,0.8
2020-03-24,RU-KK,0.9
2020-03-25,RU-KK,0.8
2020-03-26,RU-KK,0.8
2020-03-27,RU-KK,0.8
2020-03-28,RU-KK,2.4
2020-03-29,RU-KK,3.1
2020-03-30,RU-KK,2.1
2020-03-31,RU-KK,2.2
2020-04-01,RU-KK,2.6
2020-04-02,RU-KK,2.7
2020-04-03,RU-KK,2.6
2020-04-04,RU-KK,3.3
2020-04-05,RU-KK,3.5
2020-04-06,RU-KK,2.0
2020-04-07,RU-KK,2.0
2020-04-08,RU-KK,1.9
2020-04-09,RU-KK,2.1
2020-04-10,RU-KK,2.0
2020-04-11,RU-KK,2.8
2020-04-12,RU-KK,3.2
2020-04-13,RU-KK,1.8
2020-04-14,RU-KK,1.9
2020-04-15,RU-KK,1.9
2020-04-16,RU-KK,1.9
2020-04-17,RU-KK,1.8
2020-04-18,RU-KK,2.6
2020-04-19,RU-KK,3.1
2020-02-23,RU-KC,2.3
2020-02-24,RU-KC,2.3
2020-02-25,RU-KC,0.8
2020-02-26,RU-KC,0.6
2020-02-27,RU-KC,0.6
2020-02-28,RU-KC,0.7
2020-02-29,RU-KC,1.8
2020-03-01,RU-KC,2.6
2020-03-02,RU-KC,0.8
2020-03-03,RU-KC,0.6
2020-03-04,RU-KC,0.5
2020-03-05,RU-KC,0.5
2020-03-06,RU-KC,0.6
2020-03-07,RU-KC,1.5
2020-03-08,RU-KC,1.9
2020-03-09,RU-KC,2.1
2020-03-10,RU-KC,0.5
2020-03-11,RU-KC,0.5
2020-03-12,RU-KC,0.5
2020-03-13,RU-KC,0.5
2020-03-14,RU-KC,1.6
2020-03-15,RU-KC,2.5
2020-03-16,RU-KC,0.9
2020-03-17,RU-KC,1.2
2020-03-18,RU-KC,1.2
2020-03-19,RU-KC,1.2
2020-03-20,RU-KC,1.1
2020-03-21,RU-KC,1.9
2020-03-22,RU-KC,2.4
2020-03-23,RU-KC,1.1
2020-03-24,RU-KC,1.2
2020-03-25,RU-KC,1.2
2020-03-26,RU-KC,1.3
2020-03-27,RU-KC,1.3
2020-03-28,RU-KC,2.6
2020-03-29,RU-KC,3.1
2020-03-30,RU-KC,2.9
2020-03-31,RU-KC,2.8
2020-04-01,RU-KC,3.0
2020-04-02,RU-KC,3.2
2020-04-03,RU-KC,3.0
2020-04-04,RU-KC,3.2
2020-04-05,RU-KC,3.4
2020-04-06,RU-KC,2.6
2020-04-07,RU-KC,2.5
2020-04-08,RU-KC,2.6
2020-04-09,RU-KC,2.4
2020-04-10,RU-KC,2.4
2020-04-11,RU-KC,2.8
2020-04-12,RU-KC,3.4
2020-04-13,RU-KC,2.3
2020-04-14,RU-KC,2.3
2020-04-15,RU-KC,2.3
2020-04-16,RU-KC,2.5
2020-04-17,RU-KC,2.4
2020-04-18,RU-KC,2.9
2020-04-19,RU-KC,3.1
2020-02-23,RU-CE,1.8
2020-02-24,RU-CE,1.7
2020-02-25,RU-CE,0.7
2020-02-26,RU-CE,0.6
2020-02-27,RU-CE,0.6
2020-02-28,RU-CE,0.7
2020-02-29,RU-CE,1.2
2020-03-01,RU-CE,2.0
2020-03-02,RU-CE,0.6
2020-03-03,RU-CE,0.5
2020-03-04,RU-CE,0.4
2020-03-05,RU-CE,0.5
2020-03-06,RU-CE,0.7
2020-03-07,RU-CE,1.0
2020-03-08,RU-CE,1.4
2020-03-09,RU-CE,1.4
2020-03-10,RU-CE,0.5
2020-03-11,RU-CE,0.4
2020-03-12,RU-CE,0.5
2020-03-13,RU-CE,0.6
2020-03-14,RU-CE,1.2
2020-03-15,RU-CE,1.8
2020-03-16,RU-CE,0.7
2020-03-17,RU-CE,1.0
2020-03-18,RU-CE,1.1
2020-03-19,RU-CE,1.1
2020-03-20,RU-CE,1.1
2020-03-21,RU-CE,1.5
2020-03-22,RU-CE,1.8
2020-03-23,RU-CE,1.4
2020-03-24,RU-CE,1.1
2020-03-25,RU-CE,1.3
2020-03-26,RU-CE,1.4
2020-03-27,RU-CE,1.7
2020-03-28,RU-CE,2.7
2020-03-29,RU-CE,3.7
2020-03-30,RU-CE,3.4
2020-03-31,RU-CE,3.5
2020-04-01,RU-CE,3.4
2020-04-02,RU-CE,3.5
2020-04-03,RU-CE,3.4
2020-04-04,RU-CE,3.5
2020-04-05,RU-CE,4.0
2020-04-06,RU-CE,3.5
2020-04-07,RU-CE,3.4
2020-04-08,RU-CE,3.3
2020-04-09,RU-CE,3.2
2020-04-10,RU-CE,3.3
2020-04-11,RU-CE,3.7
2020-04-12,RU-CE,4.0
2020-04-13,RU-CE,3.4
2020-04-14,RU-CE,3.3
2020-04-15,RU-CE,3.2
2020-04-16,RU-CE,3.5
2020-04-17,RU-CE,3.1
2020-04-18,RU-CE,4.1
2020-04-19,RU-CE,4.2
2020-02-23,RU-MOS,2.5
2020-02-24,RU-MOS,2.6
2020-02-25,RU-MOS,1.0
2020-02-26,RU-MOS,1.0
2020-02-27,RU-MOS,1.1
2020-02-28,RU-MOS,1.0
2020-02-29,RU-MOS,2.1
2020-03-01,RU-MOS,2.6
2020-03-02,RU-MOS,1.1
2020-03-03,RU-MOS,1.0
2020-03-04,RU-MOS,0.9
2020-03-05,RU-MOS,0.9
2020-03-06,RU-MOS,1.0
2020-03-07,RU-MOS,1.8
2020-03-08,RU-MOS,2.3
2020-03-09,RU-MOS,2.5
2020-03-10,RU-MOS,1.1
2020-03-11,RU-MOS,1.0
2020-03-12,RU-MOS,0.9
2020-03-13,RU-MOS,1.1
2020-03-14,RU-MOS,2.1
2020-03-15,RU-MOS,2.8
2020-03-16,RU-MOS,1.3
2020-03-17,RU-MOS,1.3
2020-03-18,RU-MOS,1.4
2020-03-19,RU-MOS,1.5
2020-03-20,RU-MOS,1.6
2020-03-21,RU-MOS,2.6
2020-03-22,RU-MOS,3.0
2020-03-23,RU-MOS,2.0
2020-03-24,RU-MOS,1.9
2020-03-25,RU-MOS,1.9
2020-03-26,RU-MOS,1.9
2020-03-27,RU-MOS,1.9
2020-03-28,RU-MOS,3.0
2020-03-29,RU-MOS,3.5
2020-03-30,RU-MOS,3.5
2020-03-31,RU-MOS,3.6
2020-04-01,RU-MOS,3.6
2020-04-02,RU-MOS,3.6
2020-04-03,RU-MOS,3.6
2020-04-04,RU-MOS,3.8
2020-04-05,RU-MOS,4.0
2020-04-06,RU-MOS,3.4
2020-04-07,RU-MOS,3.3
2020-04-08,RU-MOS,3.3
2020-04-09,RU-MOS,3.2
2020-04-10,RU-MOS,3.2
2020-04-11,RU-MOS,3.6
2020-04-12,RU-MOS,3.8
2020-04-13,RU-MOS,3.4
2020-04-14,RU-MOS,3.4
2020-04-15,RU-MOS,3.6
2020-04-16,RU-MOS,3.6
2020-04-17,RU-MOS,3.5
2020-04-18,RU-MOS,3.9
2020-04-19,RU-MOS,4.1
2020-02-23,RU-AL,2.4
2020-02-24,RU-AL,2.3
2020-02-25,RU-AL,0.3
2020-02-26,RU-AL,0.3
2020-02-27,RU-AL,0.3
2020-02-28,RU-AL,0.4
2020-02-29,RU-AL,1.9
2020-03-01,RU-AL,2.1
2020-03-02,RU-AL,0.3
2020-03-03,RU-AL,0.2
2020-03-04,RU-AL,0.3
2020-03-05,RU-AL,0.2
2020-03-06,RU-AL,0.3
2020-03-07,RU-AL,1.9
2020-03-08,RU-AL,2.3
2020-03-09,RU-AL,2.5
2020-03-10,RU-AL,0.3
2020-03-11,RU-AL,0.3
2020-03-12,RU-AL,0.2
2020-03-13,RU-AL,0.2
2020-03-14,RU-AL,1.7
2020-03-15,RU-AL,2.3
2020-03-16,RU-AL,0.2
2020-03-17,RU-AL,0.3
2020-03-18,RU-AL,0.4
2020-03-19,RU-AL,0.4
2020-03-20,RU-AL,0.4
2020-03-21,RU-AL,1.9
2020-03-22,RU-AL,2.4
2020-03-23,RU-AL,0.8
2020-03-24,RU-AL,0.8
2020-03-25,RU-AL,0.7
2020-03-26,RU-AL,0.7
2020-03-27,RU-AL,0.7
2020-03-28,RU-AL,2.3
2020-03-29,RU-AL,2.8
2020-03-30,RU-AL,1.8
2020-03-31,RU-AL,2.0
2020-04-01,RU-AL,2.4
2020-04-02,RU-AL,2.4
2020-04-03,RU-AL,2.4
2020-04-04,RU-AL,3.0
2020-04-05,RU-AL,3.2
2020-04-06,RU-AL,1.8
2020-04-07,RU-AL,1.8
2020-04-08,RU-AL,1.9
2020-04-09,RU-AL,2.0
2020-04-10,RU-AL,1.9
2020-04-11,RU-AL,2.6
2020-04-12,RU-AL,2.8
2020-04-13,RU-AL,1.6
2020-04-14,RU-AL,1.5
2020-04-15,RU-AL,1.5
2020-04-16,RU-AL,1.5
2020-04-17,RU-AL,1.5
2020-04-18,RU-AL,2.5
2020-04-19,RU-AL,2.8
2020-02-23,RU-TY,1.9
2020-02-24,RU-TY,2.2
2020-02-25,RU-TY,1.7
2020-02-26,RU-TY,0.2
2020-02-27,RU-TY,0.2
2020-02-28,RU-TY,0.1
2020-02-29,RU-TY,1.2
2020-03-01,RU-TY,2.0
2020-03-02,RU-TY,0.2
2020-03-03,RU-TY,0.1
2020-03-04,RU-TY,0.1
2020-03-05,RU-TY,0.1
2020-03-06,RU-TY,0.1
2020-03-07,RU-TY,1.2
2020-03-08,RU-TY,1.9
2020-03-09,RU-TY,2.2
2020-03-10,RU-TY,0.2
2020-03-11,RU-TY,0.1
2020-03-12,RU-TY,0.1
2020-03-13,RU-TY,0.1
2020-03-14,RU-TY,1.1
2020-03-15,RU-TY,2.2
2020-03-16,RU-TY,0.2
2020-03-17,RU-TY,0.5
2020-03-18,RU-TY,0.5
2020-03-19,RU-TY,0.6
2020-03-20,RU-TY,0.6
2020-03-21,RU-TY,1.7
2020-03-22,RU-TY,2.3
2020-03-23,RU-TY,0.6
2020-03-24,RU-TY,0.7
2020-03-25,RU-TY,0.6
2020-03-26,RU-TY,0.7
2020-03-27,RU-TY,0.7
2020-03-28,RU-TY,1.7
2020-03-29,RU-TY,2.5
2020-03-30,RU-TY,1.8
2020-03-31,RU-TY,1.9
2020-04-01,RU-TY,2.0
2020-04-02,RU-TY,2.3
2020-04-03,RU-TY,2.3
2020-04-04,RU-TY,2.8
2020-04-05,RU-TY,3.1
2020-04-06,RU-TY,2.0
2020-04-07,RU-TY,2.0
2020-04-08,RU-TY,2.0
2020-04-09,RU-TY,2.1
2020-04-10,RU-TY,2.1
2020-04-11,RU-TY,2.6
2020-04-12,RU-TY,3.0
2020-04-13,RU-TY,1.8
2020-04-14,RU-TY,1.9
2020-04-15,RU-TY,1.7
2020-04-16,RU-TY,1.8
2020-04-17,RU-TY,1.8
2020-04-18,RU-TY,2.4
2020-04-19,RU-TY,2.7
2020-02-23,RU-YEV,2.7
2020-02-24,RU-YEV,2.8
2020-02-25,RU-YEV,0.9
2020-02-26,RU-YEV,1.0
2020-02-27,RU-YEV,0.8
2020-02-28,RU-YEV,0.8
2020-02-29,RU-YEV,2.3
2020-03-01,RU-YEV,2.7
2020-03-02,RU-YEV,0.9
2020-03-03,RU-YEV,0.9
2020-03-04,RU-YEV,0.8
2020-03-05,RU-YEV,0.7
2020-03-06,RU-YEV,0.8
2020-03-07,RU-YEV,2.1
2020-03-08,RU-YEV,2.7
2020-03-09,RU-YEV,3.0
2020-03-10,RU-YEV,0.9
2020-03-11,RU-YEV,0.9
2020-03-12,RU-YEV,0.9
2020-03-13,RU-YEV,1.0
2020-03-14,RU-YEV,2.3
2020-03-15,RU-YEV,3.0
2020-03-16,RU-YEV,0.9
2020-03-17,RU-YEV,0.9
2020-03-18,RU-YEV,0.9
2020-03-19,RU-YEV,1.0
2020-03-20,RU-YEV,0.9
2020-03-21,RU-YEV,2.2
2020-03-22,RU-YEV,2.8
2020-03-23,RU-YEV,1.1
2020-03-24,RU-YEV,1.1
2020-03-25,RU-YEV,1.1
2020-03-26,RU-YEV,1.2
2020-03-27,RU-YEV,1.2
2020-03-28,RU-YEV,2.8
2020-03-29,RU-YEV,3.3
2020-03-30,RU-YEV,2.2
2020-03-31,RU-YEV,2.4
2020-04-01,RU-YEV,2.7
2020-04-02,RU-YEV,3.0
2020-04-03,RU-YEV,3.0
2020-04-04,RU-YEV,3.7
2020-04-05,RU-YEV,3.8
2020-04-06,RU-YEV,2.6
2020-04-07,RU-YEV,2.7
2020-04-08,RU-YEV,2.8
2020-04-09,RU-YEV,2.5
2020-04-10,RU-YEV,2.4
2020-04-11,RU-YEV,3.0
2020-04-12,RU-YEV,3.3
2020-04-13,RU-YEV,2.2
2020-04-14,RU-YEV,2.2
2020-04-15,RU-YEV,2.1
2020-04-16,RU-YEV,2.2
2020-04-17,RU-YEV,2.2
2020-04-18,RU-YEV,3.0
2020-04-19,RU-YEV,3.4
