UID,iso2,iso3,code3,FIPS,Admin2,Province_State,Country_Region,Lat,Long_,Combined_Key,01/22/20,01/23/20,01/24/20,01/25/20,01/26/20,01/27/20,01/28/20,01/29/20,01/30/20,01/31/20,02/01/20,02/02/20,02/03/20,02/04/20,02/05/20,02/06/20,02/07/20,02/08/20,02/09/20,02/10/20,02/11/20,02/12/20,02/13/20,02/14/20,02/15/20,02/16/20,02/17/20,02/18/20,02/19/20,02/20/20,02/21/20,02/22/20,02/23/20,02/24/20,02/25/20,02/26/20,02/27/20,02/28/20,02/29/20,03/01/20,03/02/20,03/03/20,03/04/20,03/05/20,03/06/20,03/07/20,03/08/20,03/09/20,03/10/20,03/11/20,03/12/20,03/13/20,03/14/20,03/15/20,03/16/20,03/17/20,03/18/20,03/19/20,03/20/20,03/21/20,03/22/20,03/23/20,03/24/20,03/25/20,03/26/20,03/27/20,03/28/20,03/29/20,03/30/20,03/31/20,04/01/20,04/02/20,04/03/20,04/04/20,04/05/20,04/06/20,04/07/20,04/08/20,04/09/20,04/10/20,04/11/20,04/12/20,04/13/20,04/14/20,04/15/20,04/16/20,04/17/20,04/18/20,04/19/20
,,,,,,Altayskiy kray,Russia,52.129671,82.530013,"Altayskiy kray,Russia",0,0,0,0,0,0,0,0,0,0,0,0,0,0,0,0,0,0,0,0,0,0,0,0,0,0,0,0,0,0,0,0,0,0,0,0,0,0,0,0,0,0,0,0,0,0,0,0,0,0,0,0,0,0,0,0,0,0,0,0,0,0,0,0,0,0,0,0,1,2,3,4,4,7,7,12,12,18,21,21,29,29,31,36,39,48,53,63,72
,,,,,,Amursk oblast,Russia,53.413341,127.72806399999999,"Amursk oblast,Russia",0,0,0,0,0,0,0,0,0,0,0,0,0,0,0,0,0,0,0,0,0,0,0,0,0,0,0,0,0,0,0,0,0,0,0,0,0,0,0,0,0,0,0,0,0,0,0,0,0,0,0,0,0,0,0,0,0,0,0,0,0,0,0,0,0,0,0,1,1,1,1,1,1,4,4,4,4,4,4,4,6,17,6,6,6,9,11,14,16
,,,,,,Arkhangelsk oblast,Russia,64,44,"Arkhangelsk oblast,Russia",0,0,0,0,0,0,0,0,0,0,0,0,0,0,0,0,0,0,0,0,0,0,0,0,0,0,0,0,0,0,0,0,0,0,0,0,0,0,0,0,0,0,0,0,0,0,0,0,0,0,0,0,0,0,0,0,0,0,0,0,0,0,0,3,3,3,3,3,7,7,7,7,8,8,8,14,14,14,24,24,24,24,31,32,32,33,34,39,107
,,,,,,Astrahan oblast,Russia,46.851463,47.466189,"Astrahan oblast,Russia",0,0,0,0,0,0,0,0,0,0,0,0,0,0,0,0,0,0,0,0,0,0,0,0,0,0,0,0,0,0,0,0,0,0,0,0,0,0,0,0,0,0,0,0,0,0,0,0,0,0,0,0,0,0,0,0,0,0,0,0,0,0,0,0,0,0,0,0,0,2,2,2,5,5,5,5,5,5,21,21,21,29,30,30,47,60,64,99,123
,,,,,,Belgorod oblast,Russia,50.61074,36.58015,"Belgorod oblast,Russia",0,0,0,0,0,0,0,0,0,0,0,0,0,0,0,0,0,0,0,0,0,0,0,0,0,0,0,0,0,0,0,0,0,0,0,0,0,0,0,0,0,0,0,0,0,0,0,0,0,0,0,0,0,0,0,0,0,0,0,0,0,0,0,1,1,1,1,2,5,5,5,6,6,7,7,11,14,18,18,26,26,31,31,41,45,58,70,81,90
,,,,,,Briansk oblast,Russia,53.25209,34.37167,"Briansk oblast,Russia",0,0,0,0,0,0,0,0,0,0,0,0,0,0,0,0,0,0,0,0,0,0,0,0,0,0,0,0,0,0,0,0,0,0,0,0,0,0,0,0,0,0,0,0,0,0,0,0,0,0,0,0,0,0,0,0,0,0,0,0,0,0,0,2,2,2,3,3,3,3,5,5,7,19,19,24,56,57,97,97,123,141,142,142,164,201,228,256,279
,,,,,,Vladimir oblast,Russia,55.904194999999994,40.898894,"Vladimir oblast,Russia",0,0,0,0,0,0,0,0,0,0,0,0,0,0,0,0,0,0,0,0,0,0,0,0,0,0,0,0,0,0,0,0,0,0,0,0,0,0,0,0,0,0,0,0,0,0,0,0,0,0,0,0,0,0,0,0,0,0,0,0,0,0,0,0,0,0,0,0,2,2,3,3,3,3,3,5,12,14,38,42,48,71,84,100,145,159,183,198,225
,,,,,,Volgograd oblast,Russia,48.719390000000004,44.50183,"Volgograd oblast,Russia",0,0,0,0,0,0,0,0,0,0,0,0,0,0,0,0,0,0,0,0,0,0,0,0,0,0,0,0,0,0,0,0,0,0,0,0,0,0,0,0,0,0,0,0,0,0,0,0,0,0,0,0,0,0,0,0,0,0,0,0,0,0,0,1,1,4,4,4,4,4,8,8,8,8,8,15,26,26,26,28,33,38,44,46,47,58,62,79,93
,,,,,,Vologda oblast,Russia,59.535619,38.817766999999996,"Vologda oblast,Russia",0,0,0,0,0,0,0,0,0,0,0,0,0,0,0,0,0,0,0,0,0,0,0,0,0,0,0,0,0,0,0,0,0,0,0,0,0,0,0,0,0,0,0,0,0,0,0,0,0,0,0,0,0,0,0,0,0,0,0,0,0,0,0,0,0,0,0,0,2,2,9,12,12,13,13,23,23,27,35,38,39,42,43,50,52,67,77,86,93
,,,,,,Voronezh oblast,Russia,51.67204,39.1843,"Voronezh oblast,Russia",0,0,0,0,0,0,0,0,0,0,0,0,0,0,0,0,0,0,0,0,0,0,0,0,0,0,0,0,0,0,0,0,0,0,0,0,0,0,0,0,0,0,0,0,0,0,0,0,0,0,0,0,0,0,0,0,0,0,0,0,0,0,0,6,6,6,6,6,6,8,12,12,12,14,14,23,23,33,33,37,37,49,60,68,75,89,108,130,156
,,,,,,Jewish Autonomous oblast,Russia,48.522902,132.25761200000002,"Jewish Autonomous oblast,Russia",0,0,0,0,0,0,0,0,0,0,0,0,0,0,0,0,0,0,0,0,0,0,0,0,0,0,0,0,0,0,0,0,0,0,0,0,0,0,0,0,0,0,0,0,0,0,0,0,0,0,0,0,0,0,0,0,0,0,0,0,0,0,0,0,0,0,0,0,0,0,0,0,0,3,3,3,3,6,6,8,8,8,9,9,9,10,16,19,20
,,,,,,Zabaykalskiy kray,Russia,52,117,"Zabaykalskiy kray,Russia",0,0,0,0,0,0,0,0,0,0,0,0,0,0,0,0,0,0,0,0,0,0,0,0,0,0,0,0,0,0,0,0,0,0,0,0,0,0,0,0,0,0,0,0,0,0,0,0,0,0,0,0,0,0,0,0,0,0,0,0,0,0,0,1,1,1,1,1,1,1,1,1,1,1,1,1,1,4,4,4,4,8,14,14,14,28,30,33,34
,,,,,,Ivanovo oblast,Russia,56.99719,40.97139,"Ivanovo oblast,Russia",0,0,0,0,0,0,0,0,0,0,0,0,0,0,0,0,0,0,0,0,0,0,0,0,0,0,0,0,0,0,0,0,0,0,0,0,0,0,0,0,0,0,0,0,0,0,0,0,0,0,0,0,0,0,0,0,0,0,0,0,0,0,0,1,1,2,7,7,9,9,11,11,13,23,23,33,47,47,60,60,62,80,86,96,121,136,149,164,183
,,,,,,Irkutsk oblast,Russia,57.10029399999999,106.36330500000001,"Irkutsk oblast,Russia",0,0,0,0,0,0,0,0,0,0,0,0,0,0,0,0,0,0,0,0,0,0,0,0,0,0,0,0,0,0,0,0,0,0,0,0,0,0,0,0,0,0,0,0,0,0,0,0,0,0,0,0,0,0,0,0,0,0,0,0,0,0,0,0,0,0,0,1,2,3,3,7,8,8,8,11,14,14,17,21,23,28,35,39,39,45,47,54,55
,,,,,,Republic of Kabardino-Balkaria,Russia,43.355,42.439170000000004,"Republic of Kabardino-Balkaria,Russia",0,0,0,0,0,0,0,0,0,0,0,0,0,0,0,0,0,0,0,0,0,0,0,0,0,0,0,0,0,0,0,0,0,0,0,0,0,0,0,0,0,0,0,0,0,0,0,0,0,0,0,0,0,0,0,0,0,0,0,0,0,0,0,4,4,4,4,4,6,6,8,8,8,8,8,8,13,23,23,27,30,35,50,50,50,69,92,114,136
,,,,,,Kaliningrad oblast,Russia,54.70649,20.51095,"Kaliningrad oblast,Russia",0,0,0,0,0,0,0,0,0,0,0,0,0,0,0,0,0,0,0,0,0,0,0,0,0,0,0,0,0,0,0,0,0,0,0,0,0,0,0,0,0,0,0,0,0,0,0,0,0,0,0,0,0,0,0,0,0,0,0,0,0,0,0,8,8,8,11,11,12,12,12,19,19,19,19,19,48,49,52,62,65,70,74,79,84,92,104,115,126
,,,,,,Kaluga oblast,Russia,54.5293,36.275420000000004,"Kaluga oblast,Russia",0,0,0,0,0,0,0,0,0,0,0,0,0,0,0,0,0,0,0,0,0,0,0,0,0,0,0,0,0,0,0,0,0,0,0,0,0,0,0,0,0,0,0,0,0,0,0,0,0,0,0,0,0,0,0,0,0,0,0,0,0,0,0,2,2,2,2,2,3,3,3,5,5,6,6,7,11,11,11,18,24,24,34,49,74,102,122,151,188
,,,,,,Kamchatskiy kray,Russia,61.350179000000004,169.782981,"Kamchatskiy kray,Russia",0,0,0,0,0,0,0,0,0,0,0,0,0,0,0,0,0,0,0,0,0,0,0,0,0,0,0,0,0,0,0,0,0,0,0,0,0,0,0,0,0,0,0,0,0,0,0,0,0,0,0,0,0,0,0,0,0,0,0,0,0,0,0,0,0,0,0,0,0,0,0,0,0,0,0,2,2,2,5,5,10,10,10,10,10,21,29,29,34
,,,,,,Republic of Karachaevo-Cherkessia,Russia,43.770947,41.753928,"Republic of Karachaevo-Cherkessia,Russia",0,0,0,0,0,0,0,0,0,0,0,0,0,0,0,0,0,0,0,0,0,0,0,0,0,0,0,0,0,0,0,0,0,0,0,0,0,0,0,0,0,0,0,0,0,0,0,0,0,0,0,0,0,0,0,0,0,0,0,0,0,0,0,0,0,0,0,0,0,0,0,0,0,0,0,0,3,5,6,9,9,11,13,16,23,30,49,50,67
,,,,,,Kemerovo oblast,Russia,55.333330000000004,86.08333,"Kemerovo oblast,Russia",0,0,0,0,0,0,0,0,0,0,0,0,0,0,0,0,0,0,0,0,0,0,0,0,0,0,0,0,0,0,0,0,0,0,0,0,0,0,0,0,0,0,0,0,0,0,0,0,0,0,0,0,0,0,0,0,0,0,0,0,0,0,0,2,3,3,3,3,3,3,3,3,3,3,3,5,5,7,7,11,12,12,14,14,15,18,22,26,35
,,,,,,Kirov oblast,Russia,58.59665,49.660070000000005,"Kirov oblast,Russia",0,0,0,0,0,0,0,0,0,0,0,0,0,0,0,0,0,0,0,0,0,0,0,0,0,0,0,0,0,0,0,0,0,0,0,0,0,0,0,0,0,0,0,0,0,0,0,0,0,0,0,0,0,0,0,0,0,0,0,0,0,0,0,7,7,8,8,9,12,12,12,12,15,18,18,18,20,20,28,29,35,36,51,51,64,73,91,111,150
,,,,,,Kostroma oblast,Russia,58.456003,43.788495000000005,"Kostroma oblast,Russia",0,0,0,0,0,0,0,0,0,0,0,0,0,0,0,0,0,0,0,0,0,0,0,0,0,0,0,0,0,0,0,0,0,0,0,0,0,0,0,0,0,0,0,0,0,0,0,0,0,0,0,0,0,0,0,0,0,0,0,0,0,0,0,0,0,0,1,1,1,3,3,3,3,8,8,9,9,9,12,15,15,18,18,18,27,38,47,53,66
,,,,,,Krasnodarskiy kray,Russia,44.98811,38.97675,"Krasnodarskiy kray,Russia",0,0,0,0,0,0,0,0,0,0,0,0,0,0,0,0,0,0,0,0,0,0,0,0,0,0,0,0,0,0,0,0,0,0,0,0,0,0,0,0,0,0,0,0,0,0,0,0,0,0,0,0,0,0,0,0,0,0,0,0,0,0,0,9,9,9,17,17,17,17,22,22,39,39,39,50,61,85,105,125,138,169,210,215,239,260,290,335,383
,,,,,,Krasnoyarskiy kray,Russia,58,93,"Krasnoyarskiy kray,Russia",0,0,0,0,0,0,0,0,0,0,0,0,0,0,0,0,0,0,0,0,0,0,0,0,0,0,0,0,0,0,0,0,0,0,0,0,0,0,0,0,0,0,0,0,0,0,0,0,0,0,0,0,0,0,0,0,0,0,0,0,0,0,0,5,8,8,12,12,14,14,20,25,25,25,29,32,32,39,39,39,60,85,110,131,142,202,231,276,300
,,,,,,Kurgan oblast,Russia,55.45,65.33333,"Kurgan oblast,Russia",0,0,0,0,0,0,0,0,0,0,0,0,0,0,0,0,0,0,0,0,0,0,0,0,0,0,0,0,0,0,0,0,0,0,0,0,0,0,0,0,0,0,0,0,0,0,0,0,0,0,0,0,0,0,0,0,0,0,0,0,0,0,0,1,1,1,1,1,1,1,1,1,1,2,2,2,2,3,3,3,3,4,4,4,10,11,12,13,13
,,,,,,Kursk oblast,Russia,51.535008000000005,36.121347,"Kursk oblast,Russia",0,0,0,0,0,0,0,0,0,0,0,0,0,0,0,0,0,0,0,0,0,0,0,0,0,0,0,0,0,0,0,0,0,0,0,0,0,0,0,0,0,0,0,0,0,0,0,0,0,0,0,0,0,0,0,0,0,0,0,0,0,0,0,0,0,0,0,0,0,0,3,3,4,4,4,4,4,10,20,21,42,43,58,58,89,120,145,170,196
,,,,,,Leningradskaya oblast,Russia,60,32,"Leningradskaya oblast,Russia",0,0,0,0,0,0,0,0,0,0,0,0,0,0,0,0,0,0,0,0,0,0,0,0,0,0,0,0,0,0,0,0,0,0,0,0,0,0,0,0,0,0,0,0,0,0,0,0,0,0,0,0,0,0,0,0,0,0,0,0,0,0,0,3,3,3,7,9,11,14,20,31,41,47,57,62,62,94,112,129,134,139,155,190,298,330,354,388,417
,,,,,,Lipetsk oblast,Russia,52.60311,39.57076,"Lipetsk oblast,Russia",0,0,0,0,0,0,0,0,0,0,0,0,0,0,0,0,0,0,0,0,0,0,0,0,0,0,0,0,0,0,0,0,0,0,0,0,0,0,0,0,0,0,0,0,0,0,0,0,0,0,0,0,0,0,0,0,0,0,0,0,0,0,0,5,5,5,8,9,10,10,11,15,18,18,18,26,26,44,48,55,58,63,69,74,85,96,108,129,149
,,,,,,Magadan oblast,Russia,62.575815000000006,154.036835,"Magadan oblast,Russia",0,0,0,0,0,0,0,0,0,0,0,0,0,0,0,0,0,0,0,0,0,0,0,0,0,0,0,0,0,0,0,0,0,0,0,0,0,0,0,0,0,0,0,0,0,0,0,0,0,0,0,0,0,0,0,0,0,0,0,0,0,0,0,0,0,0,0,0,0,1,1,1,1,1,1,1,1,1,1,1,1,1,2,3,3,18,18,62,63
,,,,,,Moscow,Russia,55.752219999999994,37.615559999999995,"Moscow,Russia",0,0,0,0,0,0,0,0,0,0,0,0,0,0,0,0,0,0,0,0,0,0,0,0,0,0,0,0,0,0,0,0,0,0,0,0,0,0,0,0,0,0,0,0,5,5,5,8,8,14,18,23,32,32,52,56,87,99,132,138,191,262,290,410,546,703,817,1014,1226,1613,1880,2475,2923,3357,3893,4484,5181,5841,6698,7822,8852,10158,11513,13002,14776,16146,18105,20754,24324
,,,,,,Moscow oblast,Russia,55.81363,36.71631,"Moscow oblast,Russia",0,0,0,0,0,0,0,0,0,0,0,0,0,0,0,0,0,0,0,0,0,0,0,0,0,0,0,0,0,0,0,0,0,0,0,0,0,0,0,0,0,0,0,0,0,0,0,0,0,0,0,0,0,0,0,0,0,0,0,0,0,0,0,41,41,49,85,112,119,119,134,177,211,260,305,387,454,549,748,930,1082,1360,1855,2315,2587,3054,3526,3954,4663
,,,,,,Murmansk oblast,Russia,68.97917,33.09251,"Murmansk oblast,Russia",0,0,0,0,0,0,0,0,0,0,0,0,0,0,0,0,0,0,0,0,0,0,0,0,0,0,0,0,0,0,0,0,0,0,0,0,0,0,0,0,0,0,0,0,0,0,0,0,0,0,0,0,0,0,0,0,0,0,0,0,0,0,0,1,1,1,1,3,5,11,11,15,15,15,15,18,18,43,44,67,67,128,128,128,265,306,314,321,354
,,,,,,Nenetskiy autonomous oblast,Russia,67.714212,54.365062,"Nenetskiy autonomous oblast,Russia",0,0,0,0,0,0,0,0,0,0,0,0,0,0,0,0,0,0,0,0,0,0,0,0,0,0,0,0,0,0,0,0,0,0,0,0,0,0,0,0,0,0,0,0,0,0,0,0,0,0,0,0,0,0,0,0,0,0,0,0,0,0,0,0,0,0,0,0,0,0,0,0,0,0,0,0,0,0,0,0,0,0,0,0,1,1,1,1,1
,,,,,,Nizhegorodskaya oblast,Russia,56.328669999999995,44.00205,"Nizhegorodskaya oblast,Russia",0,0,0,0,0,0,0,0,0,0,0,0,0,0,0,0,0,0,0,0,0,0,0,0,0,0,0,0,0,0,0,0,0,0,0,0,0,0,0,0,0,0,0,0,0,0,0,0,0,0,0,0,0,0,0,0,0,0,0,0,0,0,0,8,8,8,11,11,11,12,12,25,25,25,47,56,56,80,87,119,152,194,224,292,339,404,458,517,646
,,,,,,Novgorod oblast,Russia,56.328669999999995,44.00205,"Novgorod oblast,Russia",0,0,0,0,0,0,0,0,0,0,0,0,0,0,0,0,0,0,0,0,0,0,0,0,0,0,0,0,0,0,0,0,0,0,0,0,0,0,0,0,0,0,0,0,0,0,0,0,0,0,0,0,0,0,0,0,0,0,0,0,0,0,0,1,1,1,1,3,3,3,3,3,3,3,3,5,5,5,12,18,18,18,26,26,26,53,74,80,98
,,,,,,Novosibirsk oblast,Russia,55.0415,82.9346,"Novosibirsk oblast,Russia",0,0,0,0,0,0,0,0,0,0,0,0,0,0,0,0,0,0,0,0,0,0,0,0,0,0,0,0,0,0,0,0,0,0,0,0,0,0,0,0,0,0,0,0,0,0,0,0,0,0,0,0,0,0,0,0,0,0,0,0,0,0,0,4,5,5,7,8,9,9,10,10,10,10,11,11,11,13,18,21,28,28,36,36,53,64,76,86,108
,,,,,,Omsk oblast,Russia,56.103472,73.34441600000001,"Omsk oblast,Russia",0,0,0,0,0,0,0,0,0,0,0,0,0,0,0,0,0,0,0,0,0,0,0,0,0,0,0,0,0,0,0,0,0,0,0,0,0,0,0,0,0,0,0,0,0,0,0,0,0,0,0,0,0,0,0,0,0,0,0,0,0,0,0,0,0,0,0,3,3,3,7,9,9,10,10,10,14,15,15,17,17,19,20,20,22,23,26,31,33
,,,,,,Orenburg oblast,Russia,51.7727,55.0988,"Orenburg oblast,Russia",0,0,0,0,0,0,0,0,0,0,0,0,0,0,0,0,0,0,0,0,0,0,0,0,0,0,0,0,0,0,0,0,0,0,0,0,0,0,0,0,0,0,0,0,0,0,0,0,0,0,0,0,0,0,0,0,0,0,0,0,0,0,0,4,4,4,6,6,7,7,7,12,12,12,12,14,14,22,22,25,25,25,45,53,54,82,120,140,184
,,,,,,Orel oblast,Russia,52.96508000000001,36.07849,"Orel oblast,Russia",0,0,0,0,0,0,0,0,0,0,0,0,0,0,0,0,0,0,0,0,0,0,0,0,0,0,0,0,0,0,0,0,0,0,0,0,0,0,0,0,0,0,0,0,0,0,0,0,0,0,0,0,0,0,0,0,0,0,0,0,0,0,0,2,2,3,3,3,3,3,3,3,3,6,6,7,12,12,17,24,29,29,34,41,41,73,85,119,132
,,,,,,Pensa oblast,Russia,53.20066,45.00464,"Pensa oblast,Russia",0,0,0,0,0,0,0,0,0,0,0,0,0,0,0,0,0,0,0,0,0,0,0,0,0,0,0,0,0,0,0,0,0,0,0,0,0,0,0,0,0,0,0,0,0,0,0,0,0,0,0,0,0,0,0,0,0,0,0,0,0,0,0,2,2,2,2,7,7,12,16,16,27,27,27,32,51,52,52,67,67,67,84,84,100,107,119,140,140
,,,,,,Perm oblast,Russia,58.010459999999995,56.25017,"Perm oblast,Russia",0,0,0,0,0,0,0,0,0,0,0,0,0,0,0,0,0,0,0,0,0,0,0,0,0,0,0,0,0,0,0,0,0,0,0,0,0,0,0,0,0,0,0,0,0,0,0,0,0,0,0,0,0,0,0,0,0,0,0,0,0,0,0,5,10,10,11,11,13,13,13,20,21,21,21,21,32,32,41,45,45,60,60,87,114,132,144,170,198
,,,,,,Primorskiy kray,Russia,45,135,"Primorskiy kray,Russia",0,0,0,0,0,0,0,0,0,0,0,0,0,0,0,0,0,0,0,0,0,0,0,0,0,0,0,0,0,0,0,0,0,0,0,0,0,0,0,0,0,0,0,0,0,0,0,0,0,0,0,0,0,0,0,0,0,0,0,0,0,0,0,2,2,2,2,2,2,4,5,5,7,7,7,7,8,15,20,20,23,24,28,32,36,40,49,67,80
,,,,,,Pskov oblast,Russia,57.8136,28.3496,"Pskov oblast,Russia",0,0,0,0,0,0,0,0,0,0,0,0,0,0,0,0,0,0,0,0,0,0,0,0,0,0,0,0,0,0,0,0,0,0,0,0,0,0,0,0,0,0,0,0,0,0,0,0,0,0,0,0,0,0,0,0,0,0,0,0,0,0,0,4,6,6,6,6,9,9,9,9,9,9,9,10,14,14,16,16,16,16,21,21,27,32,37,42,44
,,,,,,Republic of Adygeia,Russia,44.429866,40.252969,"Republic of Adygeia,Russia",0,0,0,0,0,0,0,0,0,0,0,0,0,0,0,0,0,0,0,0,0,0,0,0,0,0,0,0,0,0,0,0,0,0,0,0,0,0,0,0,0,0,0,0,0,0,0,0,0,0,0,0,0,0,0,0,0,0,0,0,0,0,0,0,0,0,1,1,4,4,4,5,5,7,7,13,13,13,13,20,20,20,20,27,27,43,79,84,91
,,,,,,Altay republic,Russia,50.73624,87.015454,"Altay republic,Russia",0,0,0,0,0,0,0,0,0,0,0,0,0,0,0,0,0,0,0,0,0,0,0,0,0,0,0,0,0,0,0,0,0,0,0,0,0,0,0,0,0,0,0,0,0,0,0,0,0,0,0,0,0,0,0,0,0,0,0,0,0,0,0,0,0,0,0,0,0,0,0,0,0,0,0,0,0,0,0,0,0,0,0,0,0,0,1,2,2
,,,,,,Republic of Bashkortostan,Russia,54,56,"Republic of Bashkortostan,Russia",0,0,0,0,0,0,0,0,0,0,0,0,0,0,0,0,0,0,0,0,0,0,0,0,0,0,0,0,0,0,0,0,0,0,0,0,0,0,0,0,0,0,0,0,0,0,0,0,0,0,0,0,0,0,0,0,0,0,0,0,0,0,0,4,4,4,4,5,5,7,8,10,10,10,10,10,12,16,22,40,65,84,107,129,149,191,213,252,252
,,,,,,Republic of Buriatia,Russia,54.54,112.348699,"Republic of Buriatia,Russia",0,0,0,0,0,0,0,0,0,0,0,0,0,0,0,0,0,0,0,0,0,0,0,0,0,0,0,0,0,0,0,0,0,0,0,0,0,0,0,0,0,0,0,0,0,0,0,0,0,0,0,0,0,0,0,0,0,0,0,0,0,0,0,0,0,2,8,8,13,19,25,30,31,35,35,43,43,50,54,60,61,73,77,86,92,100,103,112,115
,,,,,,Republic of Dagestan,Russia,42.26,47.095742,"Republic of Dagestan,Russia",0,0,0,0,0,0,0,0,0,0,0,0,0,0,0,0,0,0,0,0,0,0,0,0,0,0,0,0,0,0,0,0,0,0,0,0,0,0,0,0,0,0,0,0,0,0,0,0,0,0,0,0,0,0,0,0,0,0,0,0,0,0,0,0,0,1,1,1,4,13,15,25,25,25,25,30,43,44,57,58,84,84,84,100,105,154,213,257,292
,,,,,,Ingushetia republic,Russia,43.103590000000004,45.054581,"Ingushetia republic,Russia",0,0,0,0,0,0,0,0,0,0,0,0,0,0,0,0,0,0,0,0,0,0,0,0,0,0,0,0,0,0,0,0,0,0,0,0,0,0,0,0,0,0,0,0,0,0,0,0,0,0,0,0,0,0,0,0,0,0,0,0,0,0,0,0,0,0,0,0,0,0,0,0,0,1,1,1,7,25,25,29,29,29,34,34,90,153,191,227,269
,,,,,,Republic of Kalmykia,Russia,46.414024,45.325701,"Republic of Kalmykia,Russia",0,0,0,0,0,0,0,0,0,0,0,0,0,0,0,0,0,0,0,0,0,0,0,0,0,0,0,0,0,0,0,0,0,0,0,0,0,0,0,0,0,0,0,0,0,0,0,0,0,0,0,0,0,0,0,0,0,0,0,0,0,0,0,0,0,0,0,0,1,2,2,2,7,7,7,7,11,15,23,23,32,32,32,32,35,36,53,67,74
,,,,,,Republic of Karelia,Russia,63.621324,33.232608,"Republic of Karelia,Russia",0,0,0,0,0,0,0,0,0,0,0,0,0,0,0,0,0,0,0,0,0,0,0,0,0,0,0,0,0,0,0,0,0,0,0,0,0,0,0,0,0,0,0,0,0,0,0,0,0,0,0,0,0,0,0,0,0,0,0,0,0,0,0,0,0,0,0,0,0,0,0,0,0,0,0,2,2,2,2,2,2,2,3,3,7,8,9,15,19
,,,,,,Komi republic,Russia,64,54,"Komi republic,Russia",0,0,0,0,0,0,0,0,0,0,0,0,0,0,0,0,0,0,0,0,0,0,0,0,0,0,0,0,0,0,0,0,0,0,0,0,0,0,0,0,0,0,0,0,0,0,0,0,0,0,0,0,0,0,0,0,0,0,0,0,0,0,0,3,3,3,3,7,22,22,54,56,56,59,59,90,101,119,150,208,208,208,208,305,402,441,455,474,481
,,,,,,Republic of Crimea,Russia,45,34,"Republic of Crimea,Russia",0,0,0,0,0,0,0,0,0,0,0,0,0,0,0,0,0,0,0,0,0,0,0,0,0,0,0,0,0,0,0,0,0,0,0,0,0,0,0,0,0,0,0,0,0,0,0,0,0,0,0,0,0,0,0,0,0,0,0,0,0,0,0,7,7,19,20,20,20,16,16,16,18,18,20,21,22,23,26,29,29,31,32,32,34,37,40,43,45
,,,,,,Republic of Mariy El,Russia,56.485739,48.197858000000004,"Republic of Mariy El,Russia",0,0,0,0,0,0,0,0,0,0,0,0,0,0,0,0,0,0,0,0,0,0,0,0,0,0,0,0,0,0,0,0,0,0,0,0,0,0,0,0,0,0,0,0,0,0,0,0,0,0,0,0,0,0,0,0,0,0,0,0,0,0,0,0,0,0,0,0,2,2,2,4,4,4,4,13,13,40,41,63,63,70,80,91,118,147,179,219,262
,,,,,,Republic of Mordovia,Russia,54.2,44.319669,"Republic of Mordovia,Russia",0,0,0,0,0,0,0,0,0,0,0,0,0,0,0,0,0,0,0,0,0,0,0,0,0,0,0,0,0,0,0,0,0,0,0,0,0,0,0,0,0,0,0,0,0,0,0,0,0,0,0,0,0,0,0,0,0,0,0,0,0,0,0,0,0,2,2,3,3,3,4,4,4,5,5,6,6,13,17,19,19,42,58,71,71,71,136,198,258
,,,,,,Saha republic,Russia,62.30161,32.685359999999996,"Saha republic,Russia",0,0,0,0,0,0,0,0,0,0,0,0,0,0,0,0,0,0,0,0,0,0,0,0,0,0,0,0,0,0,0,0,0,0,0,0,0,0,0,0,0,0,0,0,0,0,0,0,0,0,0,0,0,0,0,0,0,0,0,0,0,0,0,10,14,14,14,15,15,15,15,15,15,15,15,15,15,16,16,16,19,22,25,26,33,35,38,47,88
,,,,,,Republic of North Osetia - Alania,Russia,43.092669,44.262033,"Republic of North Osetia - Alania,Russia",0,0,0,0,0,0,0,0,0,0,0,0,0,0,0,0,0,0,0,0,0,0,0,0,0,0,0,0,0,0,0,0,0,0,0,0,0,0,0,0,0,0,0,0,0,0,0,0,0,0,0,0,0,0,0,0,0,0,0,0,0,0,0,0,0,0,0,0,0,0,2,4,4,5,5,8,9,15,22,27,27,34,34,52,52,52,65,94,120
,,,,,,Republic of Tatarstan,Russia,55.333330000000004,51,"Republic of Tatarstan,Russia",0,0,0,0,0,0,0,0,0,0,0,0,0,0,0,0,0,0,0,0,0,0,0,0,0,0,0,0,0,0,0,0,0,0,0,0,0,0,0,0,0,0,0,0,0,0,0,0,0,0,0,0,0,0,0,0,0,0,0,0,0,0,0,7,10,11,14,14,14,19,19,19,25,25,25,41,41,41,50,50,73,73,84,107,107,128,144,160,191
,,,,,,Republic of Tyva,Russia,51.584332,94.79308499999999,"Republic of Tyva,Russia",0,0,0,0,0,0,0,0,0,0,0,0,0,0,0,0,0,0,0,0,0,0,0,0,0,0,0,0,0,0,0,0,0,0,0,0,0,0,0,0,0,0,0,0,0,0,0,0,0,0,0,0,0,0,0,0,0,0,0,0,0,0,0,0,0,0,0,0,0,0,0,0,0,0,0,0,0,0,0,0,6,6,6,6,6,8,9,9,13
,,,,,,Republic of Hakassia,Russia,53.715559999999996,91.42917,"Republic of Hakassia,Russia",0,0,0,0,0,0,0,0,0,0,0,0,0,0,0,0,0,0,0,0,0,0,0,0,0,0,0,0,0,0,0,0,0,0,0,0,0,0,0,0,0,0,0,0,0,0,0,0,0,0,0,0,0,0,0,0,0,0,0,0,0,0,0,1,2,2,2,2,3,3,3,3,3,3,3,5,5,6,6,9,12,12,12,20,26,27,38,46,68
,,,,,,Republic of Chuvashia,Russia,56.13222,47.251940000000005,"Republic of Chuvashia,Russia",0,0,0,0,0,0,0,0,0,0,0,0,0,0,0,0,0,0,0,0,0,0,0,0,0,0,0,0,0,0,0,0,0,0,0,0,0,0,0,0,0,0,0,0,0,0,0,0,0,0,0,0,0,0,0,0,0,0,0,0,0,0,0,1,1,1,1,1,1,1,1,1,1,1,1,3,6,15,17,32,39,50,65,65,78,125,137,164,193
,,,,,,Rostov oblast,Russia,47.23135,39.723279999999995,"Rostov oblast,Russia",0,0,0,0,0,0,0,0,0,0,0,0,0,0,0,0,0,0,0,0,0,0,0,0,0,0,0,0,0,0,0,0,0,0,0,0,0,0,0,0,0,0,0,0,0,0,0,0,0,0,0,0,0,0,0,0,0,0,0,0,0,0,0,1,1,2,2,2,2,5,5,9,9,9,9,9,17,21,24,29,38,52,78,98,104,145,168,197,232
,,,,,,Ryazan oblast,Russia,54.6269,39.6916,"Ryazan oblast,Russia",0,0,0,0,0,0,0,0,0,0,0,0,0,0,0,0,0,0,0,0,0,0,0,0,0,0,0,0,0,0,0,0,0,0,0,0,0,0,0,0,0,0,0,0,0,0,0,0,0,0,0,0,0,0,0,0,0,0,0,0,0,0,0,2,2,2,2,3,5,5,5,5,6,12,12,17,17,32,32,38,55,71,89,116,116,154,184,225,267
,,,,,,Samara oblast,Russia,53.20007,50.15,"Samara oblast,Russia",0,0,0,0,0,0,0,0,0,0,0,0,0,0,0,0,0,0,0,0,0,0,0,0,0,0,0,0,0,0,0,0,0,0,0,0,0,0,0,0,0,0,0,0,0,0,0,0,0,0,0,0,0,0,0,0,0,0,0,0,0,0,0,10,12,14,14,14,14,15,15,17,17,17,17,17,17,18,18,20,21,24,29,40,40,50,63,64,79
,,,,,,Saint Petersburg,Russia,59.93863,30.31413,"Saint Petersburg,Russia",0,0,0,0,0,0,0,0,0,0,0,0,0,0,0,0,0,0,0,0,0,0,0,0,0,0,0,0,0,0,0,0,0,0,0,0,0,0,0,0,0,0,0,4,4,4,4,4,0,0,4,7,8,7,10,11,11,12,16,16,16,16,21,21,26,26,37,42,50,98,125,147,156,171,191,226,295,329,373,408,488,557,678,799,929,1083,1507,1646,1760
,,,,,,Saratov oblast,Russia,51.54056,46.00861,"Saratov oblast,Russia",0,0,0,0,0,0,0,0,0,0,0,0,0,0,0,0,0,0,0,0,0,0,0,0,0,0,0,0,0,0,0,0,0,0,0,0,0,0,0,0,0,0,0,0,0,0,0,0,0,0,0,0,0,0,0,0,0,0,0,0,0,0,0,1,1,1,2,2,4,4,15,15,19,19,19,19,25,26,30,34,35,42,44,49,56,70,87,98,114
,,,,,,Sakhalin oblast,Russia,50.150926,142.750797,"Sakhalin oblast,Russia",0,0,0,0,0,0,0,0,0,0,0,0,0,0,0,0,0,0,0,0,0,0,0,0,0,0,0,0,0,0,0,0,0,0,0,0,0,0,0,0,0,0,0,0,0,0,0,0,0,0,0,0,0,0,0,0,0,0,0,0,0,0,0,0,0,0,4,4,4,4,5,5,5,6,6,6,6,11,11,11,11,11,11,11,12,12,19,19,19
,,,,,,Sverdlov oblast,Russia,43.25,71.75,"Sverdlov oblast,Russia",0,0,0,0,0,0,0,0,0,0,0,0,0,0,0,0,0,0,0,0,0,0,0,0,0,0,0,0,0,0,0,0,0,0,0,0,0,0,0,0,0,0,0,0,0,0,0,0,0,0,0,0,0,0,0,0,0,0,0,0,0,0,0,13,20,20,24,24,24,33,33,38,39,40,40,44,51,56,59,61,74,78,85,93,105,111,115,126,141
,,,,,,Sevastopol,Russia,44.616603999999995,33.525369,"Sevastopol,Russia",0,0,0,0,0,0,0,0,0,0,0,0,0,0,0,0,0,0,0,0,0,0,0,0,0,0,0,0,0,0,0,0,0,0,0,0,0,0,0,0,0,0,0,0,0,0,0,0,0,0,0,0,0,0,0,0,0,0,0,0,0,0,0,0,0,0,0,0,0,5,5,5,5,5,5,5,5,5,5,5,6,6,6,7,8,8,12,12,13
,,,,,,Smolensk oblast,Russia,54.956192,32.998543,"Smolensk oblast,Russia",0,0,0,0,0,0,0,0,0,0,0,0,0,0,0,0,0,0,0,0,0,0,0,0,0,0,0,0,0,0,0,0,0,0,0,0,0,0,0,0,0,0,0,0,0,0,0,0,0,0,0,0,0,0,0,0,0,0,0,0,0,0,0,0,0,0,1,1,1,1,1,1,1,2,2,3,3,7,11,13,17,17,21,55,106,132,139,152,173
,,,,,,Stavropolskiy kray,Russia,45,44,"Stavropolskiy kray,Russia",0,0,0,0,0,0,0,0,0,0,0,0,0,0,0,0,0,0,0,0,0,0,0,0,0,0,0,0,0,0,0,0,0,0,0,0,0,0,0,0,0,0,0,0,0,0,0,0,0,0,0,0,0,0,0,0,0,0,0,0,0,0,0,2,5,5,5,5,6,6,6,11,11,11,11,20,39,39,42,52,66,74,86,95,115,143,155,209,232
,,,,,,Tambov oblast,Russia,52.73169,41.443259999999995,"Tambov oblast,Russia",0,0,0,0,0,0,0,0,0,0,0,0,0,0,0,0,0,0,0,0,0,0,0,0,0,0,0,0,0,0,0,0,0,0,0,0,0,0,0,0,0,0,0,0,0,0,0,0,0,0,0,0,0,0,0,0,0,0,0,0,0,0,0,3,3,3,3,3,3,3,6,6,6,7,7,15,15,21,21,33,33,48,48,83,83,133,133,165,187
,,,,,,Tver oblast,Russia,56.85836,35.90057,"Tver oblast,Russia",0,0,0,0,0,0,0,0,0,0,0,0,0,0,0,0,0,0,0,0,0,0,0,0,0,0,0,0,0,0,0,0,0,0,0,0,0,0,0,0,0,0,0,0,0,0,0,0,0,0,0,0,0,0,0,0,0,0,0,0,0,0,0,3,3,3,3,3,4,4,5,5,6,6,6,8,8,12,19,24,31,31,75,75,117,151,188,237,270
,,,,,,Tomsk oblast,Russia,56.49771,84.97437,"Tomsk oblast,Russia",0,0,0,0,0,0,0,0,0,0,0,0,0,0,0,0,0,0,0,0,0,0,0,0,0,0,0,0,0,0,0,0,0,0,0,0,0,0,0,0,0,0,0,0,0,0,0,0,0,0,0,0,0,0,0,0,0,0,0,0,0,0,0,1,2,2,2,3,3,3,3,3,3,3,3,3,3,4,4,4,4,4,8,15,15,21,21,24,29
,,,,,,Tula oblast,Russia,54.196090000000005,37.61822,"Tula oblast,Russia",0,0,0,0,0,0,0,0,0,0,0,0,0,0,0,0,0,0,0,0,0,0,0,0,0,0,0,0,0,0,0,0,0,0,0,0,0,0,0,0,0,0,0,0,0,0,0,0,0,0,0,0,0,0,0,0,0,0,0,0,0,0,0,7,7,8,11,11,12,12,17,17,17,19,29,39,49,54,66,71,71,74,85,85,130,174,199,229,287
,,,,,,Tumen oblast,Russia,57.15221999999999,65.52722,"Tumen oblast,Russia",0,0,0,0,0,0,0,0,0,0,0,0,0,0,0,0,0,0,0,0,0,0,0,0,0,0,0,0,0,0,0,0,0,0,0,0,0,0,0,0,0,0,0,0,0,0,0,0,0,0,0,0,0,0,0,0,0,0,0,0,0,0,0,3,3,3,3,4,4,6,6,6,11,11,11,11,18,18,19,22,30,39,53,67,85,112,146,185,227
,,,,,,Republic of Udmurtia,Russia,57,53,"Republic of Udmurtia,Russia",0,0,0,0,0,0,0,0,0,0,0,0,0,0,0,0,0,0,0,0,0,0,0,0,0,0,0,0,0,0,0,0,0,0,0,0,0,0,0,0,0,0,0,0,0,0,0,0,0,0,0,0,0,0,0,0,0,0,0,0,0,0,0,2,2,4,4,4,4,4,4,4,4,5,5,5,9,9,9,11,11,13,13,19,27,42,58,62,66
,,,,,,Ulianovsk oblast,Russia,54.32824,48.38657,"Ulianovsk oblast,Russia",0,0,0,0,0,0,0,0,0,0,0,0,0,0,0,0,0,0,0,0,0,0,0,0,0,0,0,0,0,0,0,0,0,0,0,0,0,0,0,0,0,0,0,0,0,0,0,0,0,0,0,0,0,0,0,0,0,0,0,0,0,0,0,1,1,1,1,1,1,1,1,1,1,1,1,2,4,4,6,40,62,70,86,86,104,123,138,157,168
,,,,,,Habarovskiy kray,Russia,48.48271,135.08379,"Habarovskiy kray,Russia",0,0,0,0,0,0,0,0,0,0,0,0,0,0,0,0,0,0,0,0,0,0,0,0,0,0,0,0,0,0,0,0,0,0,0,0,0,0,0,0,0,0,0,0,0,0,0,0,0,0,0,0,0,0,0,0,0,0,0,0,0,0,0,4,5,5,5,7,7,8,9,9,10,10,11,11,16,24,24,28,29,29,54,54,77,91,109,147,185
,,,,,,Hanty-Mansiyskiy AO,Russia,61.004169999999995,69.00194,"Hanty-Mansiyskiy AO,Russia",0,0,0,0,0,0,0,0,0,0,0,0,0,0,0,0,0,0,0,0,0,0,0,0,0,0,0,0,0,0,0,0,0,0,0,0,0,0,0,0,0,0,0,0,0,0,0,0,0,0,0,0,0,0,0,0,0,0,0,0,0,0,0,2,4,4,4,5,5,5,8,8,16,16,19,19,38,41,41,41,41,41,41,56,71,110,128,161,175
,,,,,,Cheliabinsk oblast,Russia,55.154019999999996,61.42915,"Cheliabinsk oblast,Russia",0,0,0,0,0,0,0,0,0,0,0,0,0,0,0,0,0,0,0,0,0,0,0,0,0,0,0,0,0,0,0,0,0,0,0,0,0,0,0,0,0,0,0,0,0,0,0,0,0,0,0,0,0,0,0,0,0,0,0,0,0,0,0,2,5,5,9,12,14,14,21,21,23,26,27,31,32,32,34,34,40,40,43,48,51,53,57,61,68
,,,,,,Chechen republic,Russia,43.2,45.78889,"Chechen republic,Russia",0,0,0,0,0,0,0,0,0,0,0,0,0,0,0,0,0,0,0,0,0,0,0,0,0,0,0,0,0,0,0,0,0,0,0,0,0,0,0,0,0,0,0,0,0,0,0,0,0,0,0,0,0,0,0,0,0,0,0,0,0,0,0,1,1,3,5,9,9,9,10,10,12,15,15,16,17,22,22,22,30,47,49,64,105,108,115,175,219
,,,,,,Chukotskiy autonomous oblast,Russia,65.982613,174.432311,"Chukotskiy autonomous oblast,Russia",0,0,0,0,0,0,0,0,0,0,0,0,0,0,0,0,0,0,0,0,0,0,0,0,0,0,0,0,0,0,0,0,0,0,0,0,0,0,0,0,0,0,0,0,0,0,0,0,0,0,0,0,0,0,0,0,0,0,0,0,0,0,0,0,0,0,0,0,0,0,0,0,0,0,0,0,0,0,0,0,0,0,0,0,1,1,2,2,2
,,,,,,Yamalo-Nenetskiy AO,Russia,66.086435,80.005397,"Yamalo-Nenetskiy AO,Russia",0,0,0,0,0,0,0,0,0,0,0,0,0,0,0,0,0,0,0,0,0,0,0,0,0,0,0,0,0,0,0,0,0,0,0,0,0,0,0,0,0,0,0,0,0,0,0,0,0,0,0,0,0,0,0,0,0,0,0,0,0,0,0,0,0,0,0,0,0,0,0,2,12,12,12,12,30,41,41,41,50,62,66,66,73,95,101,106,116
,,,,,,Yaroslavl oblast,Russia,57.62987,39.87368,"Yaroslavl oblast,Russia",0,0,0,0,0,0,0,0,0,0,0,0,0,0,0,0,0,0,0,0,0,0,0,0,0,0,0,0,0,0,0,0,0,0,0,0,0,0,0,0,0,0,0,0,0,0,0,0,0,0,0,0,0,0,0,0,0,0,0,0,0,0,0,1,1,2,2,3,3,3,3,3,3,5,6,6,11,11,13,13,13,27,27,27,39,62,81,105,117
